pile1,pile2,pile3
0,0,0
0,1,1
0,2,2
0,3,3
0,4,4
0,5,5
0,6,6
0,7,7
0,8,8
0,9,9
0,10,10
0,11,11
0,12,12
0,13,13
0,14,14
0,15,15
0,16,16
0,17,17
0,18,18
0,19,19
0,20,20
0,21,21
0,22,22
0,23,23
0,24,24
0,25,25
0,26,26
0,27,27
0,28,28
0,29,29
0,30,30
0,31,31
0,32,32
0,33,33
0,34,34
0,35,35
0,36,36
0,37,37
0,38,38
0,39,39
0,40,40
0,41,41
0,42,42
0,43,43
0,44,44
0,45,45
0,46,46
0,47,47
0,48,48
0,49,49
0,50,50
0,51,51
0,52,52
0,53,53
0,54,54
0,55,55
0,56,56
0,57,57
0,58,58
0,59,59
0,60,60
0,61,61
0,62,62
0,63,63
0,64,64
0,65,65
0,66,66
0,67,67
0,68,68
0,69,69
0,70,70
0,71,71
0,72,72
0,73,73
0,74,74
0,75,75
0,76,76
0,77,77
0,78,78
0,79,79
0,80,80
0,81,81
0,82,82
0,83,83
0,84,84
0,85,85
0,86,86
0,87,87
0,88,88
0,89,89
0,90,90
0,91,91
0,92,92
0,93,93
0,94,94
0,95,95
0,96,96
0,97,97
0,98,98
0,99,99
0,100,100
1,0,1
1,1,0
1,2,3
1,3,2
1,4,5
1,5,4
1,6,7
1,7,6
1,8,9
1,9,8
1,10,11
1,11,10
1,12,13
1,13,12
1,14,15
1,15,14
1,16,17
1,17,16
1,18,19
1,19,18
1,20,21
1,21,20
1,22,23
1,23,22
1,24,25
1,25,24
1,26,27
1,27,26
1,28,29
1,29,28
1,30,31
1,31,30
1,32,33
1,33,32
1,34,35
1,35,34
1,36,37
1,37,36
1,38,39
1,39,38
1,40,41
1,41,40
1,42,43
1,43,42
1,44,45
1,45,44
1,46,47
1,47,46
1,48,49
1,49,48
1,50,51
1,51,50
1,52,53
1,53,52
1,54,55
1,55,54
1,56,57
1,57,56
1,58,59
1,59,58
1,60,61
1,61,60
1,62,63
1,63,62
1,64,65
1,65,64
1,66,67
1,67,66
1,68,69
1,69,68
1,70,71
1,71,70
1,72,73
1,73,72
1,74,75
1,75,74
1,76,77
1,77,76
1,78,79
1,79,78
1,80,81
1,81,80
1,82,83
1,83,82
1,84,85
1,85,84
1,86,87
1,87,86
1,88,89
1,89,88
1,90,91
1,91,90
1,92,93
1,93,92
1,94,95
1,95,94
1,96,97
1,97,96
1,98,99
1,99,98
2,0,2
2,1,3
2,2,0
2,3,1
2,4,6
2,5,7
2,6,4
2,7,5
2,8,10
2,9,11
2,10,8
2,11,9
2,12,14
2,13,15
2,14,12
2,15,13
2,16,18
2,17,19
2,18,16
2,19,17
2,20,22
2,21,23
2,22,20
2,23,21
2,24,26
2,25,27
2,26,24
2,27,25
2,28,30
2,29,31
2,30,28
2,31,29
2,32,34
2,33,35
2,34,32
2,35,33
2,36,38
2,37,39
2,38,36
2,39,37
2,40,42
2,41,43
2,42,40
2,43,41
2,44,46
2,45,47
2,46,44
2,47,45
2,48,50
2,49,51
2,50,48
2,51,49
2,52,54
2,53,55
2,54,52
2,55,53
2,56,58
2,57,59
2,58,56
2,59,57
2,60,62
2,61,63
2,62,60
2,63,61
2,64,66
2,65,67
2,66,64
2,67,65
2,68,70
2,69,71
2,70,68
2,71,69
2,72,74
2,73,75
2,74,72
2,75,73
2,76,78
2,77,79
2,78,76
2,79,77
2,80,82
2,81,83
2,82,80
2,83,81
2,84,86
2,85,87
2,86,84
2,87,85
2,88,90
2,89,91
2,90,88
2,91,89
2,92,94
2,93,95
2,94,92
2,95,93
2,96,98
2,97,99
2,98,96
2,99,97
3,0,3
3,1,2
3,2,1
3,3,0
3,4,7
3,5,6
3,6,5
3,7,4
3,8,11
3,9,10
3,10,9
3,11,8
3,12,15
3,13,14
3,14,13
3,15,12
3,16,19
3,17,18
3,18,17
3,19,16
3,20,23
3,21,22
3,22,21
3,23,20
3,24,27
3,25,26
3,26,25
3,27,24
3,28,31
3,29,30
3,30,29
3,31,28
3,32,35
3,33,34
3,34,33
3,35,32
3,36,39
3,37,38
3,38,37
3,39,36
3,40,43
3,41,42
3,42,41
3,43,40
3,44,47
3,45,46
3,46,45
3,47,44
3,48,51
3,49,50
3,50,49
3,51,48
3,52,55
3,53,54
3,54,53
3,55,52
3,56,59
3,57,58
3,58,57
3,59,56
3,60,63
3,61,62
3,62,61
3,63,60
3,64,67
3,65,66
3,66,65
3,67,64
3,68,71
3,69,70
3,70,69
3,71,68
3,72,75
3,73,74
3,74,73
3,75,72
3,76,79
3,77,78
3,78,77
3,79,76
3,80,83
3,81,82
3,82,81
3,83,80
3,84,87
3,85,86
3,86,85
3,87,84
3,88,91
3,89,90
3,90,89
3,91,88
3,92,95
3,93,94
3,94,93
3,95,92
3,96,99
3,97,98
3,98,97
3,99,96
4,0,4
4,1,5
4,2,6
4,3,7
4,4,0
4,5,1
4,6,2
4,7,3
4,8,12
4,9,13
4,10,14
4,11,15
4,12,8
4,13,9
4,14,10
4,15,11
4,16,20
4,17,21
4,18,22
4,19,23
4,20,16
4,21,17
4,22,18
4,23,19
4,24,28
4,25,29
4,26,30
4,27,31
4,28,24
4,29,25
4,30,26
4,31,27
4,32,36
4,33,37
4,34,38
4,35,39
4,36,32
4,37,33
4,38,34
4,39,35
4,40,44
4,41,45
4,42,46
4,43,47
4,44,40
4,45,41
4,46,42
4,47,43
4,48,52
4,49,53
4,50,54
4,51,55
4,52,48
4,53,49
4,54,50
4,55,51
4,56,60
4,57,61
4,58,62
4,59,63
4,60,56
4,61,57
4,62,58
4,63,59
4,64,68
4,65,69
4,66,70
4,67,71
4,68,64
4,69,65
4,70,66
4,71,67
4,72,76
4,73,77
4,74,78
4,75,79
4,76,72
4,77,73
4,78,74
4,79,75
4,80,84
4,81,85
4,82,86
4,83,87
4,84,80
4,85,81
4,86,82
4,87,83
4,88,92
4,89,93
4,90,94
4,91,95
4,92,88
4,93,89
4,94,90
4,95,91
4,96,100
4,100,96
5,0,5
5,1,4
5,2,7
5,3,6
5,4,1
5,5,0
5,6,3
5,7,2
5,8,13
5,9,12
5,10,15
5,11,14
5,12,9
5,13,8
5,14,11
5,15,10
5,16,21
5,17,20
5,18,23
5,19,22
5,20,17
5,21,16
5,22,19
5,23,18
5,24,29
5,25,28
5,26,31
5,27,30
5,28,25
5,29,24
5,30,27
5,31,26
5,32,37
5,33,36
5,34,39
5,35,38
5,36,33
5,37,32
5,38,35
5,39,34
5,40,45
5,41,44
5,42,47
5,43,46
5,44,41
5,45,40
5,46,43
5,47,42
5,48,53
5,49,52
5,50,55
5,51,54
5,52,49
5,53,48
5,54,51
5,55,50
5,56,61
5,57,60
5,58,63
5,59,62
5,60,57
5,61,56
5,62,59
5,63,58
5,64,69
5,65,68
5,66,71
5,67,70
5,68,65
5,69,64
5,70,67
5,71,66
5,72,77
5,73,76
5,74,79
5,75,78
5,76,73
5,77,72
5,78,75
5,79,74
5,80,85
5,81,84
5,82,87
5,83,86
5,84,81
5,85,80
5,86,83
5,87,82
5,88,93
5,89,92
5,90,95
5,91,94
5,92,89
5,93,88
5,94,91
5,95,90
5,97,100
5,100,97
6,0,6
6,1,7
6,2,4
6,3,5
6,4,2
6,5,3
6,6,0
6,7,1
6,8,14
6,9,15
6,10,12
6,11,13
6,12,10
6,13,11
6,14,8
6,15,9
6,16,22
6,17,23
6,18,20
6,19,21
6,20,18
6,21,19
6,22,16
6,23,17
6,24,30
6,25,31
6,26,28
6,27,29
6,28,26
6,29,27
6,30,24
6,31,25
6,32,38
6,33,39
6,34,36
6,35,37
6,36,34
6,37,35
6,38,32
6,39,33
6,40,46
6,41,47
6,42,44
6,43,45
6,44,42
6,45,43
6,46,40
6,47,41
6,48,54
6,49,55
6,50,52
6,51,53
6,52,50
6,53,51
6,54,48
6,55,49
6,56,62
6,57,63
6,58,60
6,59,61
6,60,58
6,61,59
6,62,56
6,63,57
6,64,70
6,65,71
6,66,68
6,67,69
6,68,66
6,69,67
6,70,64
6,71,65
6,72,78
6,73,79
6,74,76
6,75,77
6,76,74
6,77,75
6,78,72
6,79,73
6,80,86
6,81,87
6,82,84
6,83,85
6,84,82
6,85,83
6,86,80
6,87,81
6,88,94
6,89,95
6,90,92
6,91,93
6,92,90
6,93,91
6,94,88
6,95,89
6,98,100
6,100,98
7,0,7
7,1,6
7,2,5
7,3,4
7,4,3
7,5,2
7,6,1
7,7,0
7,8,15
7,9,14
7,10,13
7,11,12
7,12,11
7,13,10
7,14,9
7,15,8
7,16,23
7,17,22
7,18,21
7,19,20
7,20,19
7,21,18
7,22,17
7,23,16
7,24,31
7,25,30
7,26,29
7,27,28
7,28,27
7,29,26
7,30,25
7,31,24
7,32,39
7,33,38
7,34,37
7,35,36
7,36,35
7,37,34
7,38,33
7,39,32
7,40,47
7,41,46
7,42,45
7,43,44
7,44,43
7,45,42
7,46,41
7,47,40
7,48,55
7,49,54
7,50,53
7,51,52
7,52,51
7,53,50
7,54,49
7,55,48
7,56,63
7,57,62
7,58,61
7,59,60
7,60,59
7,61,58
7,62,57
7,63,56
7,64,71
7,65,70
7,66,69
7,67,68
7,68,67
7,69,66
7,70,65
7,71,64
7,72,79
7,73,78
7,74,77
7,75,76
7,76,75
7,77,74
7,78,73
7,79,72
7,80,87
7,81,86
7,82,85
7,83,84
7,84,83
7,85,82
7,86,81
7,87,80
7,88,95
7,89,94
7,90,93
7,91,92
7,92,91
7,93,90
7,94,89
7,95,88
7,99,100
7,100,99
8,0,8
8,1,9
8,2,10
8,3,11
8,4,12
8,5,13
8,6,14
8,7,15
8,8,0
8,9,1
8,10,2
8,11,3
8,12,4
8,13,5
8,14,6
8,15,7
8,16,24
8,17,25
8,18,26
8,19,27
8,20,28
8,21,29
8,22,30
8,23,31
8,24,16
8,25,17
8,26,18
8,27,19
8,28,20
8,29,21
8,30,22
8,31,23
8,32,40
8,33,41
8,34,42
8,35,43
8,36,44
8,37,45
8,38,46
8,39,47
8,40,32
8,41,33
8,42,34
8,43,35
8,44,36
8,45,37
8,46,38
8,47,39
8,48,56
8,49,57
8,50,58
8,51,59
8,52,60
8,53,61
8,54,62
8,55,63
8,56,48
8,57,49
8,58,50
8,59,51
8,60,52
8,61,53
8,62,54
8,63,55
8,64,72
8,65,73
8,66,74
8,67,75
8,68,76
8,69,77
8,70,78
8,71,79
8,72,64
8,73,65
8,74,66
8,75,67
8,76,68
8,77,69
8,78,70
8,79,71
8,80,88
8,81,89
8,82,90
8,83,91
8,84,92
8,85,93
8,86,94
8,87,95
8,88,80
8,89,81
8,90,82
8,91,83
8,92,84
8,93,85
8,94,86
8,95,87
9,0,9
9,1,8
9,2,11
9,3,10
9,4,13
9,5,12
9,6,15
9,7,14
9,8,1
9,9,0
9,10,3
9,11,2
9,12,5
9,13,4
9,14,7
9,15,6
9,16,25
9,17,24
9,18,27
9,19,26
9,20,29
9,21,28
9,22,31
9,23,30
9,24,17
9,25,16
9,26,19
9,27,18
9,28,21
9,29,20
9,30,23
9,31,22
9,32,41
9,33,40
9,34,43
9,35,42
9,36,45
9,37,44
9,38,47
9,39,46
9,40,33
9,41,32
9,42,35
9,43,34
9,44,37
9,45,36
9,46,39
9,47,38
9,48,57
9,49,56
9,50,59
9,51,58
9,52,61
9,53,60
9,54,63
9,55,62
9,56,49
9,57,48
9,58,51
9,59,50
9,60,53
9,61,52
9,62,55
9,63,54
9,64,73
9,65,72
9,66,75
9,67,74
9,68,77
9,69,76
9,70,79
9,71,78
9,72,65
9,73,64
9,74,67
9,75,66
9,76,69
9,77,68
9,78,71
9,79,70
9,80,89
9,81,88
9,82,91
9,83,90
9,84,93
9,85,92
9,86,95
9,87,94
9,88,81
9,89,80
9,90,83
9,91,82
9,92,85
9,93,84
9,94,87
9,95,86
10,0,10
10,1,11
10,2,8
10,3,9
10,4,14
10,5,15
10,6,12
10,7,13
10,8,2
10,9,3
10,10,0
10,11,1
10,12,6
10,13,7
10,14,4
10,15,5
10,16,26
10,17,27
10,18,24
10,19,25
10,20,30
10,21,31
10,22,28
10,23,29
10,24,18
10,25,19
10,26,16
10,27,17
10,28,22
10,29,23
10,30,20
10,31,21
10,32,42
10,33,43
10,34,40
10,35,41
10,36,46
10,37,47
10,38,44
10,39,45
10,40,34
10,41,35
10,42,32
10,43,33
10,44,38
10,45,39
10,46,36
10,47,37
10,48,58
10,49,59
10,50,56
10,51,57
10,52,62
10,53,63
10,54,60
10,55,61
10,56,50
10,57,51
10,58,48
10,59,49
10,60,54
10,61,55
10,62,52
10,63,53
10,64,74
10,65,75
10,66,72
10,67,73
10,68,78
10,69,79
10,70,76
10,71,77
10,72,66
10,73,67
10,74,64
10,75,65
10,76,70
10,77,71
10,78,68
10,79,69
10,80,90
10,81,91
10,82,88
10,83,89
10,84,94
10,85,95
10,86,92
10,87,93
10,88,82
10,89,83
10,90,80
10,91,81
10,92,86
10,93,87
10,94,84
10,95,85
11,0,11
11,1,10
11,2,9
11,3,8
11,4,15
11,5,14
11,6,13
11,7,12
11,8,3
11,9,2
11,10,1
11,11,0
11,12,7
11,13,6
11,14,5
11,15,4
11,16,27
11,17,26
11,18,25
11,19,24
11,20,31
11,21,30
11,22,29
11,23,28
11,24,19
11,25,18
11,26,17
11,27,16
11,28,23
11,29,22
11,30,21
11,31,20
11,32,43
11,33,42
11,34,41
11,35,40
11,36,47
11,37,46
11,38,45
11,39,44
11,40,35
11,41,34
11,42,33
11,43,32
11,44,39
11,45,38
11,46,37
11,47,36
11,48,59
11,49,58
11,50,57
11,51,56
11,52,63
11,53,62
11,54,61
11,55,60
11,56,51
11,57,50
11,58,49
11,59,48
11,60,55
11,61,54
11,62,53
11,63,52
11,64,75
11,65,74
11,66,73
11,67,72
11,68,79
11,69,78
11,70,77
11,71,76
11,72,67
11,73,66
11,74,65
11,75,64
11,76,71
11,77,70
11,78,69
11,79,68
11,80,91
11,81,90
11,82,89
11,83,88
11,84,95
11,85,94
11,86,93
11,87,92
11,88,83
11,89,82
11,90,81
11,91,80
11,92,87
11,93,86
11,94,85
11,95,84
12,0,12
12,1,13
12,2,14
12,3,15
12,4,8
12,5,9
12,6,10
12,7,11
12,8,4
12,9,5
12,10,6
12,11,7
12,12,0
12,13,1
12,14,2
12,15,3
12,16,28
12,17,29
12,18,30
12,19,31
12,20,24
12,21,25
12,22,26
12,23,27
12,24,20
12,25,21
12,26,22
12,27,23
12,28,16
12,29,17
12,30,18
12,31,19
12,32,44
12,33,45
12,34,46
12,35,47
12,36,40
12,37,41
12,38,42
12,39,43
12,40,36
12,41,37
12,42,38
12,43,39
12,44,32
12,45,33
12,46,34
12,47,35
12,48,60
12,49,61
12,50,62
12,51,63
12,52,56
12,53,57
12,54,58
12,55,59
12,56,52
12,57,53
12,58,54
12,59,55
12,60,48
12,61,49
12,62,50
12,63,51
12,64,76
12,65,77
12,66,78
12,67,79
12,68,72
12,69,73
12,70,74
12,71,75
12,72,68
12,73,69
12,74,70
12,75,71
12,76,64
12,77,65
12,78,66
12,79,67
12,80,92
12,81,93
12,82,94
12,83,95
12,84,88
12,85,89
12,86,90
12,87,91
12,88,84
12,89,85
12,90,86
12,91,87
12,92,80
12,93,81
12,94,82
12,95,83
13,0,13
13,1,12
13,2,15
13,3,14
13,4,9
13,5,8
13,6,11
13,7,10
13,8,5
13,9,4
13,10,7
13,11,6
13,12,1
13,13,0
13,14,3
13,15,2
13,16,29
13,17,28
13,18,31
13,19,30
13,20,25
13,21,24
13,22,27
13,23,26
13,24,21
13,25,20
13,26,23
13,27,22
13,28,17
13,29,16
13,30,19
13,31,18
13,32,45
13,33,44
13,34,47
13,35,46
13,36,41
13,37,40
13,38,43
13,39,42
13,40,37
13,41,36
13,42,39
13,43,38
13,44,33
13,45,32
13,46,35
13,47,34
13,48,61
13,49,60
13,50,63
13,51,62
13,52,57
13,53,56
13,54,59
13,55,58
13,56,53
13,57,52
13,58,55
13,59,54
13,60,49
13,61,48
13,62,51
13,63,50
13,64,77
13,65,76
13,66,79
13,67,78
13,68,73
13,69,72
13,70,75
13,71,74
13,72,69
13,73,68
13,74,71
13,75,70
13,76,65
13,77,64
13,78,67
13,79,66
13,80,93
13,81,92
13,82,95
13,83,94
13,84,89
13,85,88
13,86,91
13,87,90
13,88,85
13,89,84
13,90,87
13,91,86
13,92,81
13,93,80
13,94,83
13,95,82
14,0,14
14,1,15
14,2,12
14,3,13
14,4,10
14,5,11
14,6,8
14,7,9
14,8,6
14,9,7
14,10,4
14,11,5
14,12,2
14,13,3
14,14,0
14,15,1
14,16,30
14,17,31
14,18,28
14,19,29
14,20,26
14,21,27
14,22,24
14,23,25
14,24,22
14,25,23
14,26,20
14,27,21
14,28,18
14,29,19
14,30,16
14,31,17
14,32,46
14,33,47
14,34,44
14,35,45
14,36,42
14,37,43
14,38,40
14,39,41
14,40,38
14,41,39
14,42,36
14,43,37
14,44,34
14,45,35
14,46,32
14,47,33
14,48,62
14,49,63
14,50,60
14,51,61
14,52,58
14,53,59
14,54,56
14,55,57
14,56,54
14,57,55
14,58,52
14,59,53
14,60,50
14,61,51
14,62,48
14,63,49
14,64,78
14,65,79
14,66,76
14,67,77
14,68,74
14,69,75
14,70,72
14,71,73
14,72,70
14,73,71
14,74,68
14,75,69
14,76,66
14,77,67
14,78,64
14,79,65
14,80,94
14,81,95
14,82,92
14,83,93
14,84,90
14,85,91
14,86,88
14,87,89
14,88,86
14,89,87
14,90,84
14,91,85
14,92,82
14,93,83
14,94,80
14,95,81
15,0,15
15,1,14
15,2,13
15,3,12
15,4,11
15,5,10
15,6,9
15,7,8
15,8,7
15,9,6
15,10,5
15,11,4
15,12,3
15,13,2
15,14,1
15,15,0
15,16,31
15,17,30
15,18,29
15,19,28
15,20,27
15,21,26
15,22,25
15,23,24
15,24,23
15,25,22
15,26,21
15,27,20
15,28,19
15,29,18
15,30,17
15,31,16
15,32,47
15,33,46
15,34,45
15,35,44
15,36,43
15,37,42
15,38,41
15,39,40
15,40,39
15,41,38
15,42,37
15,43,36
15,44,35
15,45,34
15,46,33
15,47,32
15,48,63
15,49,62
15,50,61
15,51,60
15,52,59
15,53,58
15,54,57
15,55,56
15,56,55
15,57,54
15,58,53
15,59,52
15,60,51
15,61,50
15,62,49
15,63,48
15,64,79
15,65,78
15,66,77
15,67,76
15,68,75
15,69,74
15,70,73
15,71,72
15,72,71
15,73,70
15,74,69
15,75,68
15,76,67
15,77,66
15,78,65
15,79,64
15,80,95
15,81,94
15,82,93
15,83,92
15,84,91
15,85,90
15,86,89
15,87,88
15,88,87
15,89,86
15,90,85
15,91,84
15,92,83
15,93,82
15,94,81
15,95,80
16,0,16
16,1,17
16,2,18
16,3,19
16,4,20
16,5,21
16,6,22
16,7,23
16,8,24
16,9,25
16,10,26
16,11,27
16,12,28
16,13,29
16,14,30
16,15,31
16,16,0
16,17,1
16,18,2
16,19,3
16,20,4
16,21,5
16,22,6
16,23,7
16,24,8
16,25,9
16,26,10
16,27,11
16,28,12
16,29,13
16,30,14
16,31,15
16,32,48
16,33,49
16,34,50
16,35,51
16,36,52
16,37,53
16,38,54
16,39,55
16,40,56
16,41,57
16,42,58
16,43,59
16,44,60
16,45,61
16,46,62
16,47,63
16,48,32
16,49,33
16,50,34
16,51,35
16,52,36
16,53,37
16,54,38
16,55,39
16,56,40
16,57,41
16,58,42
16,59,43
16,60,44
16,61,45
16,62,46
16,63,47
16,64,80
16,65,81
16,66,82
16,67,83
16,68,84
16,69,85
16,70,86
16,71,87
16,72,88
16,73,89
16,74,90
16,75,91
16,76,92
16,77,93
16,78,94
16,79,95
16,80,64
16,81,65
16,82,66
16,83,67
16,84,68
16,85,69
16,86,70
16,87,71
16,88,72
16,89,73
16,90,74
16,91,75
16,92,76
16,93,77
16,94,78
16,95,79
17,0,17
17,1,16
17,2,19
17,3,18
17,4,21
17,5,20
17,6,23
17,7,22
17,8,25
17,9,24
17,10,27
17,11,26
17,12,29
17,13,28
17,14,31
17,15,30
17,16,1
17,17,0
17,18,3
17,19,2
17,20,5
17,21,4
17,22,7
17,23,6
17,24,9
17,25,8
17,26,11
17,27,10
17,28,13
17,29,12
17,30,15
17,31,14
17,32,49
17,33,48
17,34,51
17,35,50
17,36,53
17,37,52
17,38,55
17,39,54
17,40,57
17,41,56
17,42,59
17,43,58
17,44,61
17,45,60
17,46,63
17,47,62
17,48,33
17,49,32
17,50,35
17,51,34
17,52,37
17,53,36
17,54,39
17,55,38
17,56,41
17,57,40
17,58,43
17,59,42
17,60,45
17,61,44
17,62,47
17,63,46
17,64,81
17,65,80
17,66,83
17,67,82
17,68,85
17,69,84
17,70,87
17,71,86
17,72,89
17,73,88
17,74,91
17,75,90
17,76,93
17,77,92
17,78,95
17,79,94
17,80,65
17,81,64
17,82,67
17,83,66
17,84,69
17,85,68
17,86,71
17,87,70
17,88,73
17,89,72
17,90,75
17,91,74
17,92,77
17,93,76
17,94,79
17,95,78
18,0,18
18,1,19
18,2,16
18,3,17
18,4,22
18,5,23
18,6,20
18,7,21
18,8,26
18,9,27
18,10,24
18,11,25
18,12,30
18,13,31
18,14,28
18,15,29
18,16,2
18,17,3
18,18,0
18,19,1
18,20,6
18,21,7
18,22,4
18,23,5
18,24,10
18,25,11
18,26,8
18,27,9
18,28,14
18,29,15
18,30,12
18,31,13
18,32,50
18,33,51
18,34,48
18,35,49
18,36,54
18,37,55
18,38,52
18,39,53
18,40,58
18,41,59
18,42,56
18,43,57
18,44,62
18,45,63
18,46,60
18,47,61
18,48,34
18,49,35
18,50,32
18,51,33
18,52,38
18,53,39
18,54,36
18,55,37
18,56,42
18,57,43
18,58,40
18,59,41
18,60,46
18,61,47
18,62,44
18,63,45
18,64,82
18,65,83
18,66,80
18,67,81
18,68,86
18,69,87
18,70,84
18,71,85
18,72,90
18,73,91
18,74,88
18,75,89
18,76,94
18,77,95
18,78,92
18,79,93
18,80,66
18,81,67
18,82,64
18,83,65
18,84,70
18,85,71
18,86,68
18,87,69
18,88,74
18,89,75
18,90,72
18,91,73
18,92,78
18,93,79
18,94,76
18,95,77
19,0,19
19,1,18
19,2,17
19,3,16
19,4,23
19,5,22
19,6,21
19,7,20
19,8,27
19,9,26
19,10,25
19,11,24
19,12,31
19,13,30
19,14,29
19,15,28
19,16,3
19,17,2
19,18,1
19,19,0
19,20,7
19,21,6
19,22,5
19,23,4
19,24,11
19,25,10
19,26,9
19,27,8
19,28,15
19,29,14
19,30,13
19,31,12
19,32,51
19,33,50
19,34,49
19,35,48
19,36,55
19,37,54
19,38,53
19,39,52
19,40,59
19,41,58
19,42,57
19,43,56
19,44,63
19,45,62
19,46,61
19,47,60
19,48,35
19,49,34
19,50,33
19,51,32
19,52,39
19,53,38
19,54,37
19,55,36
19,56,43
19,57,42
19,58,41
19,59,40
19,60,47
19,61,46
19,62,45
19,63,44
19,64,83
19,65,82
19,66,81
19,67,80
19,68,87
19,69,86
19,70,85
19,71,84
19,72,91
19,73,90
19,74,89
19,75,88
19,76,95
19,77,94
19,78,93
19,79,92
19,80,67
19,81,66
19,82,65
19,83,64
19,84,71
19,85,70
19,86,69
19,87,68
19,88,75
19,89,74
19,90,73
19,91,72
19,92,79
19,93,78
19,94,77
19,95,76
20,0,20
20,1,21
20,2,22
20,3,23
20,4,16
20,5,17
20,6,18
20,7,19
20,8,28
20,9,29
20,10,30
20,11,31
20,12,24
20,13,25
20,14,26
20,15,27
20,16,4
20,17,5
20,18,6
20,19,7
20,20,0
20,21,1
20,22,2
20,23,3
20,24,12
20,25,13
20,26,14
20,27,15
20,28,8
20,29,9
20,30,10
20,31,11
20,32,52
20,33,53
20,34,54
20,35,55
20,36,48
20,37,49
20,38,50
20,39,51
20,40,60
20,41,61
20,42,62
20,43,63
20,44,56
20,45,57
20,46,58
20,47,59
20,48,36
20,49,37
20,50,38
20,51,39
20,52,32
20,53,33
20,54,34
20,55,35
20,56,44
20,57,45
20,58,46
20,59,47
20,60,40
20,61,41
20,62,42
20,63,43
20,64,84
20,65,85
20,66,86
20,67,87
20,68,80
20,69,81
20,70,82
20,71,83
20,72,92
20,73,93
20,74,94
20,75,95
20,76,88
20,77,89
20,78,90
20,79,91
20,80,68
20,81,69
20,82,70
20,83,71
20,84,64
20,85,65
20,86,66
20,87,67
20,88,76
20,89,77
20,90,78
20,91,79
20,92,72
20,93,73
20,94,74
20,95,75
21,0,21
21,1,20
21,2,23
21,3,22
21,4,17
21,5,16
21,6,19
21,7,18
21,8,29
21,9,28
21,10,31
21,11,30
21,12,25
21,13,24
21,14,27
21,15,26
21,16,5
21,17,4
21,18,7
21,19,6
21,20,1
21,21,0
21,22,3
21,23,2
21,24,13
21,25,12
21,26,15
21,27,14
21,28,9
21,29,8
21,30,11
21,31,10
21,32,53
21,33,52
21,34,55
21,35,54
21,36,49
21,37,48
21,38,51
21,39,50
21,40,61
21,41,60
21,42,63
21,43,62
21,44,57
21,45,56
21,46,59
21,47,58
21,48,37
21,49,36
21,50,39
21,51,38
21,52,33
21,53,32
21,54,35
21,55,34
21,56,45
21,57,44
21,58,47
21,59,46
21,60,41
21,61,40
21,62,43
21,63,42
21,64,85
21,65,84
21,66,87
21,67,86
21,68,81
21,69,80
21,70,83
21,71,82
21,72,93
21,73,92
21,74,95
21,75,94
21,76,89
21,77,88
21,78,91
21,79,90
21,80,69
21,81,68
21,82,71
21,83,70
21,84,65
21,85,64
21,86,67
21,87,66
21,88,77
21,89,76
21,90,79
21,91,78
21,92,73
21,93,72
21,94,75
21,95,74
22,0,22
22,1,23
22,2,20
22,3,21
22,4,18
22,5,19
22,6,16
22,7,17
22,8,30
22,9,31
22,10,28
22,11,29
22,12,26
22,13,27
22,14,24
22,15,25
22,16,6
22,17,7
22,18,4
22,19,5
22,20,2
22,21,3
22,22,0
22,23,1
22,24,14
22,25,15
22,26,12
22,27,13
22,28,10
22,29,11
22,30,8
22,31,9
22,32,54
22,33,55
22,34,52
22,35,53
22,36,50
22,37,51
22,38,48
22,39,49
22,40,62
22,41,63
22,42,60
22,43,61
22,44,58
22,45,59
22,46,56
22,47,57
22,48,38
22,49,39
22,50,36
22,51,37
22,52,34
22,53,35
22,54,32
22,55,33
22,56,46
22,57,47
22,58,44
22,59,45
22,60,42
22,61,43
22,62,40
22,63,41
22,64,86
22,65,87
22,66,84
22,67,85
22,68,82
22,69,83
22,70,80
22,71,81
22,72,94
22,73,95
22,74,92
22,75,93
22,76,90
22,77,91
22,78,88
22,79,89
22,80,70
22,81,71
22,82,68
22,83,69
22,84,66
22,85,67
22,86,64
22,87,65
22,88,78
22,89,79
22,90,76
22,91,77
22,92,74
22,93,75
22,94,72
22,95,73
23,0,23
23,1,22
23,2,21
23,3,20
23,4,19
23,5,18
23,6,17
23,7,16
23,8,31
23,9,30
23,10,29
23,11,28
23,12,27
23,13,26
23,14,25
23,15,24
23,16,7
23,17,6
23,18,5
23,19,4
23,20,3
23,21,2
23,22,1
23,23,0
23,24,15
23,25,14
23,26,13
23,27,12
23,28,11
23,29,10
23,30,9
23,31,8
23,32,55
23,33,54
23,34,53
23,35,52
23,36,51
23,37,50
23,38,49
23,39,48
23,40,63
23,41,62
23,42,61
23,43,60
23,44,59
23,45,58
23,46,57
23,47,56
23,48,39
23,49,38
23,50,37
23,51,36
23,52,35
23,53,34
23,54,33
23,55,32
23,56,47
23,57,46
23,58,45
23,59,44
23,60,43
23,61,42
23,62,41
23,63,40
23,64,87
23,65,86
23,66,85
23,67,84
23,68,83
23,69,82
23,70,81
23,71,80
23,72,95
23,73,94
23,74,93
23,75,92
23,76,91
23,77,90
23,78,89
23,79,88
23,80,71
23,81,70
23,82,69
23,83,68
23,84,67
23,85,66
23,86,65
23,87,64
23,88,79
23,89,78
23,90,77
23,91,76
23,92,75
23,93,74
23,94,73
23,95,72
24,0,24
24,1,25
24,2,26
24,3,27
24,4,28
24,5,29
24,6,30
24,7,31
24,8,16
24,9,17
24,10,18
24,11,19
24,12,20
24,13,21
24,14,22
24,15,23
24,16,8
24,17,9
24,18,10
24,19,11
24,20,12
24,21,13
24,22,14
24,23,15
24,24,0
24,25,1
24,26,2
24,27,3
24,28,4
24,29,5
24,30,6
24,31,7
24,32,56
24,33,57
24,34,58
24,35,59
24,36,60
24,37,61
24,38,62
24,39,63
24,40,48
24,41,49
24,42,50
24,43,51
24,44,52
24,45,53
24,46,54
24,47,55
24,48,40
24,49,41
24,50,42
24,51,43
24,52,44
24,53,45
24,54,46
24,55,47
24,56,32
24,57,33
24,58,34
24,59,35
24,60,36
24,61,37
24,62,38
24,63,39
24,64,88
24,65,89
24,66,90
24,67,91
24,68,92
24,69,93
24,70,94
24,71,95
24,72,80
24,73,81
24,74,82
24,75,83
24,76,84
24,77,85
24,78,86
24,79,87
24,80,72
24,81,73
24,82,74
24,83,75
24,84,76
24,85,77
24,86,78
24,87,79
24,88,64
24,89,65
24,90,66
24,91,67
24,92,68
24,93,69
24,94,70
24,95,71
25,0,25
25,1,24
25,2,27
25,3,26
25,4,29
25,5,28
25,6,31
25,7,30
25,8,17
25,9,16
25,10,19
25,11,18
25,12,21
25,13,20
25,14,23
25,15,22
25,16,9
25,17,8
25,18,11
25,19,10
25,20,13
25,21,12
25,22,15
25,23,14
25,24,1
25,25,0
25,26,3
25,27,2
25,28,5
25,29,4
25,30,7
25,31,6
25,32,57
25,33,56
25,34,59
25,35,58
25,36,61
25,37,60
25,38,63
25,39,62
25,40,49
25,41,48
25,42,51
25,43,50
25,44,53
25,45,52
25,46,55
25,47,54
25,48,41
25,49,40
25,50,43
25,51,42
25,52,45
25,53,44
25,54,47
25,55,46
25,56,33
25,57,32
25,58,35
25,59,34
25,60,37
25,61,36
25,62,39
25,63,38
25,64,89
25,65,88
25,66,91
25,67,90
25,68,93
25,69,92
25,70,95
25,71,94
25,72,81
25,73,80
25,74,83
25,75,82
25,76,85
25,77,84
25,78,87
25,79,86
25,80,73
25,81,72
25,82,75
25,83,74
25,84,77
25,85,76
25,86,79
25,87,78
25,88,65
25,89,64
25,90,67
25,91,66
25,92,69
25,93,68
25,94,71
25,95,70
26,0,26
26,1,27
26,2,24
26,3,25
26,4,30
26,5,31
26,6,28
26,7,29
26,8,18
26,9,19
26,10,16
26,11,17
26,12,22
26,13,23
26,14,20
26,15,21
26,16,10
26,17,11
26,18,8
26,19,9
26,20,14
26,21,15
26,22,12
26,23,13
26,24,2
26,25,3
26,26,0
26,27,1
26,28,6
26,29,7
26,30,4
26,31,5
26,32,58
26,33,59
26,34,56
26,35,57
26,36,62
26,37,63
26,38,60
26,39,61
26,40,50
26,41,51
26,42,48
26,43,49
26,44,54
26,45,55
26,46,52
26,47,53
26,48,42
26,49,43
26,50,40
26,51,41
26,52,46
26,53,47
26,54,44
26,55,45
26,56,34
26,57,35
26,58,32
26,59,33
26,60,38
26,61,39
26,62,36
26,63,37
26,64,90
26,65,91
26,66,88
26,67,89
26,68,94
26,69,95
26,70,92
26,71,93
26,72,82
26,73,83
26,74,80
26,75,81
26,76,86
26,77,87
26,78,84
26,79,85
26,80,74
26,81,75
26,82,72
26,83,73
26,84,78
26,85,79
26,86,76
26,87,77
26,88,66
26,89,67
26,90,64
26,91,65
26,92,70
26,93,71
26,94,68
26,95,69
27,0,27
27,1,26
27,2,25
27,3,24
27,4,31
27,5,30
27,6,29
27,7,28
27,8,19
27,9,18
27,10,17
27,11,16
27,12,23
27,13,22
27,14,21
27,15,20
27,16,11
27,17,10
27,18,9
27,19,8
27,20,15
27,21,14
27,22,13
27,23,12
27,24,3
27,25,2
27,26,1
27,27,0
27,28,7
27,29,6
27,30,5
27,31,4
27,32,59
27,33,58
27,34,57
27,35,56
27,36,63
27,37,62
27,38,61
27,39,60
27,40,51
27,41,50
27,42,49
27,43,48
27,44,55
27,45,54
27,46,53
27,47,52
27,48,43
27,49,42
27,50,41
27,51,40
27,52,47
27,53,46
27,54,45
27,55,44
27,56,35
27,57,34
27,58,33
27,59,32
27,60,39
27,61,38
27,62,37
27,63,36
27,64,91
27,65,90
27,66,89
27,67,88
27,68,95
27,69,94
27,70,93
27,71,92
27,72,83
27,73,82
27,74,81
27,75,80
27,76,87
27,77,86
27,78,85
27,79,84
27,80,75
27,81,74
27,82,73
27,83,72
27,84,79
27,85,78
27,86,77
27,87,76
27,88,67
27,89,66
27,90,65
27,91,64
27,92,71
27,93,70
27,94,69
27,95,68
28,0,28
28,1,29
28,2,30
28,3,31
28,4,24
28,5,25
28,6,26
28,7,27
28,8,20
28,9,21
28,10,22
28,11,23
28,12,16
28,13,17
28,14,18
28,15,19
28,16,12
28,17,13
28,18,14
28,19,15
28,20,8
28,21,9
28,22,10
28,23,11
28,24,4
28,25,5
28,26,6
28,27,7
28,28,0
28,29,1
28,30,2
28,31,3
28,32,60
28,33,61
28,34,62
28,35,63
28,36,56
28,37,57
28,38,58
28,39,59
28,40,52
28,41,53
28,42,54
28,43,55
28,44,48
28,45,49
28,46,50
28,47,51
28,48,44
28,49,45
28,50,46
28,51,47
28,52,40
28,53,41
28,54,42
28,55,43
28,56,36
28,57,37
28,58,38
28,59,39
28,60,32
28,61,33
28,62,34
28,63,35
28,64,92
28,65,93
28,66,94
28,67,95
28,68,88
28,69,89
28,70,90
28,71,91
28,72,84
28,73,85
28,74,86
28,75,87
28,76,80
28,77,81
28,78,82
28,79,83
28,80,76
28,81,77
28,82,78
28,83,79
28,84,72
28,85,73
28,86,74
28,87,75
28,88,68
28,89,69
28,90,70
28,91,71
28,92,64
28,93,65
28,94,66
28,95,67
29,0,29
29,1,28
29,2,31
29,3,30
29,4,25
29,5,24
29,6,27
29,7,26
29,8,21
29,9,20
29,10,23
29,11,22
29,12,17
29,13,16
29,14,19
29,15,18
29,16,13
29,17,12
29,18,15
29,19,14
29,20,9
29,21,8
29,22,11
29,23,10
29,24,5
29,25,4
29,26,7
29,27,6
29,28,1
29,29,0
29,30,3
29,31,2
29,32,61
29,33,60
29,34,63
29,35,62
29,36,57
29,37,56
29,38,59
29,39,58
29,40,53
29,41,52
29,42,55
29,43,54
29,44,49
29,45,48
29,46,51
29,47,50
29,48,45
29,49,44
29,50,47
29,51,46
29,52,41
29,53,40
29,54,43
29,55,42
29,56,37
29,57,36
29,58,39
29,59,38
29,60,33
29,61,32
29,62,35
29,63,34
29,64,93
29,65,92
29,66,95
29,67,94
29,68,89
29,69,88
29,70,91
29,71,90
29,72,85
29,73,84
29,74,87
29,75,86
29,76,81
29,77,80
29,78,83
29,79,82
29,80,77
29,81,76
29,82,79
29,83,78
29,84,73
29,85,72
29,86,75
29,87,74
29,88,69
29,89,68
29,90,71
29,91,70
29,92,65
29,93,64
29,94,67
29,95,66
30,0,30
30,1,31
30,2,28
30,3,29
30,4,26
30,5,27
30,6,24
30,7,25
30,8,22
30,9,23
30,10,20
30,11,21
30,12,18
30,13,19
30,14,16
30,15,17
30,16,14
30,17,15
30,18,12
30,19,13
30,20,10
30,21,11
30,22,8
30,23,9
30,24,6
30,25,7
30,26,4
30,27,5
30,28,2
30,29,3
30,30,0
30,31,1
30,32,62
30,33,63
30,34,60
30,35,61
30,36,58
30,37,59
30,38,56
30,39,57
30,40,54
30,41,55
30,42,52
30,43,53
30,44,50
30,45,51
30,46,48
30,47,49
30,48,46
30,49,47
30,50,44
30,51,45
30,52,42
30,53,43
30,54,40
30,55,41
30,56,38
30,57,39
30,58,36
30,59,37
30,60,34
30,61,35
30,62,32
30,63,33
30,64,94
30,65,95
30,66,92
30,67,93
30,68,90
30,69,91
30,70,88
30,71,89
30,72,86
30,73,87
30,74,84
30,75,85
30,76,82
30,77,83
30,78,80
30,79,81
30,80,78
30,81,79
30,82,76
30,83,77
30,84,74
30,85,75
30,86,72
30,87,73
30,88,70
30,89,71
30,90,68
30,91,69
30,92,66
30,93,67
30,94,64
30,95,65
31,0,31
31,1,30
31,2,29
31,3,28
31,4,27
31,5,26
31,6,25
31,7,24
31,8,23
31,9,22
31,10,21
31,11,20
31,12,19
31,13,18
31,14,17
31,15,16
31,16,15
31,17,14
31,18,13
31,19,12
31,20,11
31,21,10
31,22,9
31,23,8
31,24,7
31,25,6
31,26,5
31,27,4
31,28,3
31,29,2
31,30,1
31,31,0
31,32,63
31,33,62
31,34,61
31,35,60
31,36,59
31,37,58
31,38,57
31,39,56
31,40,55
31,41,54
31,42,53
31,43,52
31,44,51
31,45,50
31,46,49
31,47,48
31,48,47
31,49,46
31,50,45
31,51,44
31,52,43
31,53,42
31,54,41
31,55,40
31,56,39
31,57,38
31,58,37
31,59,36
31,60,35
31,61,34
31,62,33
31,63,32
31,64,95
31,65,94
31,66,93
31,67,92
31,68,91
31,69,90
31,70,89
31,71,88
31,72,87
31,73,86
31,74,85
31,75,84
31,76,83
31,77,82
31,78,81
31,79,80
31,80,79
31,81,78
31,82,77
31,83,76
31,84,75
31,85,74
31,86,73
31,87,72
31,88,71
31,89,70
31,90,69
31,91,68
31,92,67
31,93,66
31,94,65
31,95,64
32,0,32
32,1,33
32,2,34
32,3,35
32,4,36
32,5,37
32,6,38
32,7,39
32,8,40
32,9,41
32,10,42
32,11,43
32,12,44
32,13,45
32,14,46
32,15,47
32,16,48
32,17,49
32,18,50
32,19,51
32,20,52
32,21,53
32,22,54
32,23,55
32,24,56
32,25,57
32,26,58
32,27,59
32,28,60
32,29,61
32,30,62
32,31,63
32,32,0
32,33,1
32,34,2
32,35,3
32,36,4
32,37,5
32,38,6
32,39,7
32,40,8
32,41,9
32,42,10
32,43,11
32,44,12
32,45,13
32,46,14
32,47,15
32,48,16
32,49,17
32,50,18
32,51,19
32,52,20
32,53,21
32,54,22
32,55,23
32,56,24
32,57,25
32,58,26
32,59,27
32,60,28
32,61,29
32,62,30
32,63,31
32,64,96
32,65,97
32,66,98
32,67,99
32,68,100
32,96,64
32,97,65
32,98,66
32,99,67
32,100,68
33,0,33
33,1,32
33,2,35
33,3,34
33,4,37
33,5,36
33,6,39
33,7,38
33,8,41
33,9,40
33,10,43
33,11,42
33,12,45
33,13,44
33,14,47
33,15,46
33,16,49
33,17,48
33,18,51
33,19,50
33,20,53
33,21,52
33,22,55
33,23,54
33,24,57
33,25,56
33,26,59
33,27,58
33,28,61
33,29,60
33,30,63
33,31,62
33,32,1
33,33,0
33,34,3
33,35,2
33,36,5
33,37,4
33,38,7
33,39,6
33,40,9
33,41,8
33,42,11
33,43,10
33,44,13
33,45,12
33,46,15
33,47,14
33,48,17
33,49,16
33,50,19
33,51,18
33,52,21
33,53,20
33,54,23
33,55,22
33,56,25
33,57,24
33,58,27
33,59,26
33,60,29
33,61,28
33,62,31
33,63,30
33,64,97
33,65,96
33,66,99
33,67,98
33,69,100
33,96,65
33,97,64
33,98,67
33,99,66
33,100,69
34,0,34
34,1,35
34,2,32
34,3,33
34,4,38
34,5,39
34,6,36
34,7,37
34,8,42
34,9,43
34,10,40
34,11,41
34,12,46
34,13,47
34,14,44
34,15,45
34,16,50
34,17,51
34,18,48
34,19,49
34,20,54
34,21,55
34,22,52
34,23,53
34,24,58
34,25,59
34,26,56
34,27,57
34,28,62
34,29,63
34,30,60
34,31,61
34,32,2
34,33,3
34,34,0
34,35,1
34,36,6
34,37,7
34,38,4
34,39,5
34,40,10
34,41,11
34,42,8
34,43,9
34,44,14
34,45,15
34,46,12
34,47,13
34,48,18
34,49,19
34,50,16
34,51,17
34,52,22
34,53,23
34,54,20
34,55,21
34,56,26
34,57,27
34,58,24
34,59,25
34,60,30
34,61,31
34,62,28
34,63,29
34,64,98
34,65,99
34,66,96
34,67,97
34,70,100
34,96,66
34,97,67
34,98,64
34,99,65
34,100,70
35,0,35
35,1,34
35,2,33
35,3,32
35,4,39
35,5,38
35,6,37
35,7,36
35,8,43
35,9,42
35,10,41
35,11,40
35,12,47
35,13,46
35,14,45
35,15,44
35,16,51
35,17,50
35,18,49
35,19,48
35,20,55
35,21,54
35,22,53
35,23,52
35,24,59
35,25,58
35,26,57
35,27,56
35,28,63
35,29,62
35,30,61
35,31,60
35,32,3
35,33,2
35,34,1
35,35,0
35,36,7
35,37,6
35,38,5
35,39,4
35,40,11
35,41,10
35,42,9
35,43,8
35,44,15
35,45,14
35,46,13
35,47,12
35,48,19
35,49,18
35,50,17
35,51,16
35,52,23
35,53,22
35,54,21
35,55,20
35,56,27
35,57,26
35,58,25
35,59,24
35,60,31
35,61,30
35,62,29
35,63,28
35,64,99
35,65,98
35,66,97
35,67,96
35,71,100
35,96,67
35,97,66
35,98,65
35,99,64
35,100,71
36,0,36
36,1,37
36,2,38
36,3,39
36,4,32
36,5,33
36,6,34
36,7,35
36,8,44
36,9,45
36,10,46
36,11,47
36,12,40
36,13,41
36,14,42
36,15,43
36,16,52
36,17,53
36,18,54
36,19,55
36,20,48
36,21,49
36,22,50
36,23,51
36,24,60
36,25,61
36,26,62
36,27,63
36,28,56
36,29,57
36,30,58
36,31,59
36,32,4
36,33,5
36,34,6
36,35,7
36,36,0
36,37,1
36,38,2
36,39,3
36,40,12
36,41,13
36,42,14
36,43,15
36,44,8
36,45,9
36,46,10
36,47,11
36,48,20
36,49,21
36,50,22
36,51,23
36,52,16
36,53,17
36,54,18
36,55,19
36,56,28
36,57,29
36,58,30
36,59,31
36,60,24
36,61,25
36,62,26
36,63,27
36,64,100
36,68,96
36,69,97
36,70,98
36,71,99
36,96,68
36,97,69
36,98,70
36,99,71
36,100,64
37,0,37
37,1,36
37,2,39
37,3,38
37,4,33
37,5,32
37,6,35
37,7,34
37,8,45
37,9,44
37,10,47
37,11,46
37,12,41
37,13,40
37,14,43
37,15,42
37,16,53
37,17,52
37,18,55
37,19,54
37,20,49
37,21,48
37,22,51
37,23,50
37,24,61
37,25,60
37,26,63
37,27,62
37,28,57
37,29,56
37,30,59
37,31,58
37,32,5
37,33,4
37,34,7
37,35,6
37,36,1
37,37,0
37,38,3
37,39,2
37,40,13
37,41,12
37,42,15
37,43,14
37,44,9
37,45,8
37,46,11
37,47,10
37,48,21
37,49,20
37,50,23
37,51,22
37,52,17
37,53,16
37,54,19
37,55,18
37,56,29
37,57,28
37,58,31
37,59,30
37,60,25
37,61,24
37,62,27
37,63,26
37,65,100
37,68,97
37,69,96
37,70,99
37,71,98
37,96,69
37,97,68
37,98,71
37,99,70
37,100,65
38,0,38
38,1,39
38,2,36
38,3,37
38,4,34
38,5,35
38,6,32
38,7,33
38,8,46
38,9,47
38,10,44
38,11,45
38,12,42
38,13,43
38,14,40
38,15,41
38,16,54
38,17,55
38,18,52
38,19,53
38,20,50
38,21,51
38,22,48
38,23,49
38,24,62
38,25,63
38,26,60
38,27,61
38,28,58
38,29,59
38,30,56
38,31,57
38,32,6
38,33,7
38,34,4
38,35,5
38,36,2
38,37,3
38,38,0
38,39,1
38,40,14
38,41,15
38,42,12
38,43,13
38,44,10
38,45,11
38,46,8
38,47,9
38,48,22
38,49,23
38,50,20
38,51,21
38,52,18
38,53,19
38,54,16
38,55,17
38,56,30
38,57,31
38,58,28
38,59,29
38,60,26
38,61,27
38,62,24
38,63,25
38,66,100
38,68,98
38,69,99
38,70,96
38,71,97
38,96,70
38,97,71
38,98,68
38,99,69
38,100,66
39,0,39
39,1,38
39,2,37
39,3,36
39,4,35
39,5,34
39,6,33
39,7,32
39,8,47
39,9,46
39,10,45
39,11,44
39,12,43
39,13,42
39,14,41
39,15,40
39,16,55
39,17,54
39,18,53
39,19,52
39,20,51
39,21,50
39,22,49
39,23,48
39,24,63
39,25,62
39,26,61
39,27,60
39,28,59
39,29,58
39,30,57
39,31,56
39,32,7
39,33,6
39,34,5
39,35,4
39,36,3
39,37,2
39,38,1
39,39,0
39,40,15
39,41,14
39,42,13
39,43,12
39,44,11
39,45,10
39,46,9
39,47,8
39,48,23
39,49,22
39,50,21
39,51,20
39,52,19
39,53,18
39,54,17
39,55,16
39,56,31
39,57,30
39,58,29
39,59,28
39,60,27
39,61,26
39,62,25
39,63,24
39,67,100
39,68,99
39,69,98
39,70,97
39,71,96
39,96,71
39,97,70
39,98,69
39,99,68
39,100,67
40,0,40
40,1,41
40,2,42
40,3,43
40,4,44
40,5,45
40,6,46
40,7,47
40,8,32
40,9,33
40,10,34
40,11,35
40,12,36
40,13,37
40,14,38
40,15,39
40,16,56
40,17,57
40,18,58
40,19,59
40,20,60
40,21,61
40,22,62
40,23,63
40,24,48
40,25,49
40,26,50
40,27,51
40,28,52
40,29,53
40,30,54
40,31,55
40,32,8
40,33,9
40,34,10
40,35,11
40,36,12
40,37,13
40,38,14
40,39,15
40,40,0
40,41,1
40,42,2
40,43,3
40,44,4
40,45,5
40,46,6
40,47,7
40,48,24
40,49,25
40,50,26
40,51,27
40,52,28
40,53,29
40,54,30
40,55,31
40,56,16
40,57,17
40,58,18
40,59,19
40,60,20
40,61,21
40,62,22
40,63,23
40,72,96
40,73,97
40,74,98
40,75,99
40,76,100
40,96,72
40,97,73
40,98,74
40,99,75
40,100,76
41,0,41
41,1,40
41,2,43
41,3,42
41,4,45
41,5,44
41,6,47
41,7,46
41,8,33
41,9,32
41,10,35
41,11,34
41,12,37
41,13,36
41,14,39
41,15,38
41,16,57
41,17,56
41,18,59
41,19,58
41,20,61
41,21,60
41,22,63
41,23,62
41,24,49
41,25,48
41,26,51
41,27,50
41,28,53
41,29,52
41,30,55
41,31,54
41,32,9
41,33,8
41,34,11
41,35,10
41,36,13
41,37,12
41,38,15
41,39,14
41,40,1
41,41,0
41,42,3
41,43,2
41,44,5
41,45,4
41,46,7
41,47,6
41,48,25
41,49,24
41,50,27
41,51,26
41,52,29
41,53,28
41,54,31
41,55,30
41,56,17
41,57,16
41,58,19
41,59,18
41,60,21
41,61,20
41,62,23
41,63,22
41,72,97
41,73,96
41,74,99
41,75,98
41,77,100
41,96,73
41,97,72
41,98,75
41,99,74
41,100,77
42,0,42
42,1,43
42,2,40
42,3,41
42,4,46
42,5,47
42,6,44
42,7,45
42,8,34
42,9,35
42,10,32
42,11,33
42,12,38
42,13,39
42,14,36
42,15,37
42,16,58
42,17,59
42,18,56
42,19,57
42,20,62
42,21,63
42,22,60
42,23,61
42,24,50
42,25,51
42,26,48
42,27,49
42,28,54
42,29,55
42,30,52
42,31,53
42,32,10
42,33,11
42,34,8
42,35,9
42,36,14
42,37,15
42,38,12
42,39,13
42,40,2
42,41,3
42,42,0
42,43,1
42,44,6
42,45,7
42,46,4
42,47,5
42,48,26
42,49,27
42,50,24
42,51,25
42,52,30
42,53,31
42,54,28
42,55,29
42,56,18
42,57,19
42,58,16
42,59,17
42,60,22
42,61,23
42,62,20
42,63,21
42,72,98
42,73,99
42,74,96
42,75,97
42,78,100
42,96,74
42,97,75
42,98,72
42,99,73
42,100,78
43,0,43
43,1,42
43,2,41
43,3,40
43,4,47
43,5,46
43,6,45
43,7,44
43,8,35
43,9,34
43,10,33
43,11,32
43,12,39
43,13,38
43,14,37
43,15,36
43,16,59
43,17,58
43,18,57
43,19,56
43,20,63
43,21,62
43,22,61
43,23,60
43,24,51
43,25,50
43,26,49
43,27,48
43,28,55
43,29,54
43,30,53
43,31,52
43,32,11
43,33,10
43,34,9
43,35,8
43,36,15
43,37,14
43,38,13
43,39,12
43,40,3
43,41,2
43,42,1
43,43,0
43,44,7
43,45,6
43,46,5
43,47,4
43,48,27
43,49,26
43,50,25
43,51,24
43,52,31
43,53,30
43,54,29
43,55,28
43,56,19
43,57,18
43,58,17
43,59,16
43,60,23
43,61,22
43,62,21
43,63,20
43,72,99
43,73,98
43,74,97
43,75,96
43,79,100
43,96,75
43,97,74
43,98,73
43,99,72
43,100,79
44,0,44
44,1,45
44,2,46
44,3,47
44,4,40
44,5,41
44,6,42
44,7,43
44,8,36
44,9,37
44,10,38
44,11,39
44,12,32
44,13,33
44,14,34
44,15,35
44,16,60
44,17,61
44,18,62
44,19,63
44,20,56
44,21,57
44,22,58
44,23,59
44,24,52
44,25,53
44,26,54
44,27,55
44,28,48
44,29,49
44,30,50
44,31,51
44,32,12
44,33,13
44,34,14
44,35,15
44,36,8
44,37,9
44,38,10
44,39,11
44,40,4
44,41,5
44,42,6
44,43,7
44,44,0
44,45,1
44,46,2
44,47,3
44,48,28
44,49,29
44,50,30
44,51,31
44,52,24
44,53,25
44,54,26
44,55,27
44,56,20
44,57,21
44,58,22
44,59,23
44,60,16
44,61,17
44,62,18
44,63,19
44,72,100
44,76,96
44,77,97
44,78,98
44,79,99
44,96,76
44,97,77
44,98,78
44,99,79
44,100,72
45,0,45
45,1,44
45,2,47
45,3,46
45,4,41
45,5,40
45,6,43
45,7,42
45,8,37
45,9,36
45,10,39
45,11,38
45,12,33
45,13,32
45,14,35
45,15,34
45,16,61
45,17,60
45,18,63
45,19,62
45,20,57
45,21,56
45,22,59
45,23,58
45,24,53
45,25,52
45,26,55
45,27,54
45,28,49
45,29,48
45,30,51
45,31,50
45,32,13
45,33,12
45,34,15
45,35,14
45,36,9
45,37,8
45,38,11
45,39,10
45,40,5
45,41,4
45,42,7
45,43,6
45,44,1
45,45,0
45,46,3
45,47,2
45,48,29
45,49,28
45,50,31
45,51,30
45,52,25
45,53,24
45,54,27
45,55,26
45,56,21
45,57,20
45,58,23
45,59,22
45,60,17
45,61,16
45,62,19
45,63,18
45,73,100
45,76,97
45,77,96
45,78,99
45,79,98
45,96,77
45,97,76
45,98,79
45,99,78
45,100,73
46,0,46
46,1,47
46,2,44
46,3,45
46,4,42
46,5,43
46,6,40
46,7,41
46,8,38
46,9,39
46,10,36
46,11,37
46,12,34
46,13,35
46,14,32
46,15,33
46,16,62
46,17,63
46,18,60
46,19,61
46,20,58
46,21,59
46,22,56
46,23,57
46,24,54
46,25,55
46,26,52
46,27,53
46,28,50
46,29,51
46,30,48
46,31,49
46,32,14
46,33,15
46,34,12
46,35,13
46,36,10
46,37,11
46,38,8
46,39,9
46,40,6
46,41,7
46,42,4
46,43,5
46,44,2
46,45,3
46,46,0
46,47,1
46,48,30
46,49,31
46,50,28
46,51,29
46,52,26
46,53,27
46,54,24
46,55,25
46,56,22
46,57,23
46,58,20
46,59,21
46,60,18
46,61,19
46,62,16
46,63,17
46,74,100
46,76,98
46,77,99
46,78,96
46,79,97
46,96,78
46,97,79
46,98,76
46,99,77
46,100,74
47,0,47
47,1,46
47,2,45
47,3,44
47,4,43
47,5,42
47,6,41
47,7,40
47,8,39
47,9,38
47,10,37
47,11,36
47,12,35
47,13,34
47,14,33
47,15,32
47,16,63
47,17,62
47,18,61
47,19,60
47,20,59
47,21,58
47,22,57
47,23,56
47,24,55
47,25,54
47,26,53
47,27,52
47,28,51
47,29,50
47,30,49
47,31,48
47,32,15
47,33,14
47,34,13
47,35,12
47,36,11
47,37,10
47,38,9
47,39,8
47,40,7
47,41,6
47,42,5
47,43,4
47,44,3
47,45,2
47,46,1
47,47,0
47,48,31
47,49,30
47,50,29
47,51,28
47,52,27
47,53,26
47,54,25
47,55,24
47,56,23
47,57,22
47,58,21
47,59,20
47,60,19
47,61,18
47,62,17
47,63,16
47,75,100
47,76,99
47,77,98
47,78,97
47,79,96
47,96,79
47,97,78
47,98,77
47,99,76
47,100,75
48,0,48
48,1,49
48,2,50
48,3,51
48,4,52
48,5,53
48,6,54
48,7,55
48,8,56
48,9,57
48,10,58
48,11,59
48,12,60
48,13,61
48,14,62
48,15,63
48,16,32
48,17,33
48,18,34
48,19,35
48,20,36
48,21,37
48,22,38
48,23,39
48,24,40
48,25,41
48,26,42
48,27,43
48,28,44
48,29,45
48,30,46
48,31,47
48,32,16
48,33,17
48,34,18
48,35,19
48,36,20
48,37,21
48,38,22
48,39,23
48,40,24
48,41,25
48,42,26
48,43,27
48,44,28
48,45,29
48,46,30
48,47,31
48,48,0
48,49,1
48,50,2
48,51,3
48,52,4
48,53,5
48,54,6
48,55,7
48,56,8
48,57,9
48,58,10
48,59,11
48,60,12
48,61,13
48,62,14
48,63,15
48,80,96
48,81,97
48,82,98
48,83,99
48,84,100
48,96,80
48,97,81
48,98,82
48,99,83
48,100,84
49,0,49
49,1,48
49,2,51
49,3,50
49,4,53
49,5,52
49,6,55
49,7,54
49,8,57
49,9,56
49,10,59
49,11,58
49,12,61
49,13,60
49,14,63
49,15,62
49,16,33
49,17,32
49,18,35
49,19,34
49,20,37
49,21,36
49,22,39
49,23,38
49,24,41
49,25,40
49,26,43
49,27,42
49,28,45
49,29,44
49,30,47
49,31,46
49,32,17
49,33,16
49,34,19
49,35,18
49,36,21
49,37,20
49,38,23
49,39,22
49,40,25
49,41,24
49,42,27
49,43,26
49,44,29
49,45,28
49,46,31
49,47,30
49,48,1
49,49,0
49,50,3
49,51,2
49,52,5
49,53,4
49,54,7
49,55,6
49,56,9
49,57,8
49,58,11
49,59,10
49,60,13
49,61,12
49,62,15
49,63,14
49,80,97
49,81,96
49,82,99
49,83,98
49,85,100
49,96,81
49,97,80
49,98,83
49,99,82
49,100,85
50,0,50
50,1,51
50,2,48
50,3,49
50,4,54
50,5,55
50,6,52
50,7,53
50,8,58
50,9,59
50,10,56
50,11,57
50,12,62
50,13,63
50,14,60
50,15,61
50,16,34
50,17,35
50,18,32
50,19,33
50,20,38
50,21,39
50,22,36
50,23,37
50,24,42
50,25,43
50,26,40
50,27,41
50,28,46
50,29,47
50,30,44
50,31,45
50,32,18
50,33,19
50,34,16
50,35,17
50,36,22
50,37,23
50,38,20
50,39,21
50,40,26
50,41,27
50,42,24
50,43,25
50,44,30
50,45,31
50,46,28
50,47,29
50,48,2
50,49,3
50,50,0
50,51,1
50,52,6
50,53,7
50,54,4
50,55,5
50,56,10
50,57,11
50,58,8
50,59,9
50,60,14
50,61,15
50,62,12
50,63,13
50,80,98
50,81,99
50,82,96
50,83,97
50,86,100
50,96,82
50,97,83
50,98,80
50,99,81
50,100,86
51,0,51
51,1,50
51,2,49
51,3,48
51,4,55
51,5,54
51,6,53
51,7,52
51,8,59
51,9,58
51,10,57
51,11,56
51,12,63
51,13,62
51,14,61
51,15,60
51,16,35
51,17,34
51,18,33
51,19,32
51,20,39
51,21,38
51,22,37
51,23,36
51,24,43
51,25,42
51,26,41
51,27,40
51,28,47
51,29,46
51,30,45
51,31,44
51,32,19
51,33,18
51,34,17
51,35,16
51,36,23
51,37,22
51,38,21
51,39,20
51,40,27
51,41,26
51,42,25
51,43,24
51,44,31
51,45,30
51,46,29
51,47,28
51,48,3
51,49,2
51,50,1
51,51,0
51,52,7
51,53,6
51,54,5
51,55,4
51,56,11
51,57,10
51,58,9
51,59,8
51,60,15
51,61,14
51,62,13
51,63,12
51,80,99
51,81,98
51,82,97
51,83,96
51,87,100
51,96,83
51,97,82
51,98,81
51,99,80
51,100,87
52,0,52
52,1,53
52,2,54
52,3,55
52,4,48
52,5,49
52,6,50
52,7,51
52,8,60
52,9,61
52,10,62
52,11,63
52,12,56
52,13,57
52,14,58
52,15,59
52,16,36
52,17,37
52,18,38
52,19,39
52,20,32
52,21,33
52,22,34
52,23,35
52,24,44
52,25,45
52,26,46
52,27,47
52,28,40
52,29,41
52,30,42
52,31,43
52,32,20
52,33,21
52,34,22
52,35,23
52,36,16
52,37,17
52,38,18
52,39,19
52,40,28
52,41,29
52,42,30
52,43,31
52,44,24
52,45,25
52,46,26
52,47,27
52,48,4
52,49,5
52,50,6
52,51,7
52,52,0
52,53,1
52,54,2
52,55,3
52,56,12
52,57,13
52,58,14
52,59,15
52,60,8
52,61,9
52,62,10
52,63,11
52,80,100
52,84,96
52,85,97
52,86,98
52,87,99
52,96,84
52,97,85
52,98,86
52,99,87
52,100,80
53,0,53
53,1,52
53,2,55
53,3,54
53,4,49
53,5,48
53,6,51
53,7,50
53,8,61
53,9,60
53,10,63
53,11,62
53,12,57
53,13,56
53,14,59
53,15,58
53,16,37
53,17,36
53,18,39
53,19,38
53,20,33
53,21,32
53,22,35
53,23,34
53,24,45
53,25,44
53,26,47
53,27,46
53,28,41
53,29,40
53,30,43
53,31,42
53,32,21
53,33,20
53,34,23
53,35,22
53,36,17
53,37,16
53,38,19
53,39,18
53,40,29
53,41,28
53,42,31
53,43,30
53,44,25
53,45,24
53,46,27
53,47,26
53,48,5
53,49,4
53,50,7
53,51,6
53,52,1
53,53,0
53,54,3
53,55,2
53,56,13
53,57,12
53,58,15
53,59,14
53,60,9
53,61,8
53,62,11
53,63,10
53,81,100
53,84,97
53,85,96
53,86,99
53,87,98
53,96,85
53,97,84
53,98,87
53,99,86
53,100,81
54,0,54
54,1,55
54,2,52
54,3,53
54,4,50
54,5,51
54,6,48
54,7,49
54,8,62
54,9,63
54,10,60
54,11,61
54,12,58
54,13,59
54,14,56
54,15,57
54,16,38
54,17,39
54,18,36
54,19,37
54,20,34
54,21,35
54,22,32
54,23,33
54,24,46
54,25,47
54,26,44
54,27,45
54,28,42
54,29,43
54,30,40
54,31,41
54,32,22
54,33,23
54,34,20
54,35,21
54,36,18
54,37,19
54,38,16
54,39,17
54,40,30
54,41,31
54,42,28
54,43,29
54,44,26
54,45,27
54,46,24
54,47,25
54,48,6
54,49,7
54,50,4
54,51,5
54,52,2
54,53,3
54,54,0
54,55,1
54,56,14
54,57,15
54,58,12
54,59,13
54,60,10
54,61,11
54,62,8
54,63,9
54,82,100
54,84,98
54,85,99
54,86,96
54,87,97
54,96,86
54,97,87
54,98,84
54,99,85
54,100,82
55,0,55
55,1,54
55,2,53
55,3,52
55,4,51
55,5,50
55,6,49
55,7,48
55,8,63
55,9,62
55,10,61
55,11,60
55,12,59
55,13,58
55,14,57
55,15,56
55,16,39
55,17,38
55,18,37
55,19,36
55,20,35
55,21,34
55,22,33
55,23,32
55,24,47
55,25,46
55,26,45
55,27,44
55,28,43
55,29,42
55,30,41
55,31,40
55,32,23
55,33,22
55,34,21
55,35,20
55,36,19
55,37,18
55,38,17
55,39,16
55,40,31
55,41,30
55,42,29
55,43,28
55,44,27
55,45,26
55,46,25
55,47,24
55,48,7
55,49,6
55,50,5
55,51,4
55,52,3
55,53,2
55,54,1
55,55,0
55,56,15
55,57,14
55,58,13
55,59,12
55,60,11
55,61,10
55,62,9
55,63,8
55,83,100
55,84,99
55,85,98
55,86,97
55,87,96
55,96,87
55,97,86
55,98,85
55,99,84
55,100,83
56,0,56
56,1,57
56,2,58
56,3,59
56,4,60
56,5,61
56,6,62
56,7,63
56,8,48
56,9,49
56,10,50
56,11,51
56,12,52
56,13,53
56,14,54
56,15,55
56,16,40
56,17,41
56,18,42
56,19,43
56,20,44
56,21,45
56,22,46
56,23,47
56,24,32
56,25,33
56,26,34
56,27,35
56,28,36
56,29,37
56,30,38
56,31,39
56,32,24
56,33,25
56,34,26
56,35,27
56,36,28
56,37,29
56,38,30
56,39,31
56,40,16
56,41,17
56,42,18
56,43,19
56,44,20
56,45,21
56,46,22
56,47,23
56,48,8
56,49,9
56,50,10
56,51,11
56,52,12
56,53,13
56,54,14
56,55,15
56,56,0
56,57,1
56,58,2
56,59,3
56,60,4
56,61,5
56,62,6
56,63,7
56,88,96
56,89,97
56,90,98
56,91,99
56,92,100
56,96,88
56,97,89
56,98,90
56,99,91
56,100,92
57,0,57
57,1,56
57,2,59
57,3,58
57,4,61
57,5,60
57,6,63
57,7,62
57,8,49
57,9,48
57,10,51
57,11,50
57,12,53
57,13,52
57,14,55
57,15,54
57,16,41
57,17,40
57,18,43
57,19,42
57,20,45
57,21,44
57,22,47
57,23,46
57,24,33
57,25,32
57,26,35
57,27,34
57,28,37
57,29,36
57,30,39
57,31,38
57,32,25
57,33,24
57,34,27
57,35,26
57,36,29
57,37,28
57,38,31
57,39,30
57,40,17
57,41,16
57,42,19
57,43,18
57,44,21
57,45,20
57,46,23
57,47,22
57,48,9
57,49,8
57,50,11
57,51,10
57,52,13
57,53,12
57,54,15
57,55,14
57,56,1
57,57,0
57,58,3
57,59,2
57,60,5
57,61,4
57,62,7
57,63,6
57,88,97
57,89,96
57,90,99
57,91,98
57,93,100
57,96,89
57,97,88
57,98,91
57,99,90
57,100,93
58,0,58
58,1,59
58,2,56
58,3,57
58,4,62
58,5,63
58,6,60
58,7,61
58,8,50
58,9,51
58,10,48
58,11,49
58,12,54
58,13,55
58,14,52
58,15,53
58,16,42
58,17,43
58,18,40
58,19,41
58,20,46
58,21,47
58,22,44
58,23,45
58,24,34
58,25,35
58,26,32
58,27,33
58,28,38
58,29,39
58,30,36
58,31,37
58,32,26
58,33,27
58,34,24
58,35,25
58,36,30
58,37,31
58,38,28
58,39,29
58,40,18
58,41,19
58,42,16
58,43,17
58,44,22
58,45,23
58,46,20
58,47,21
58,48,10
58,49,11
58,50,8
58,51,9
58,52,14
58,53,15
58,54,12
58,55,13
58,56,2
58,57,3
58,58,0
58,59,1
58,60,6
58,61,7
58,62,4
58,63,5
58,88,98
58,89,99
58,90,96
58,91,97
58,94,100
58,96,90
58,97,91
58,98,88
58,99,89
58,100,94
59,0,59
59,1,58
59,2,57
59,3,56
59,4,63
59,5,62
59,6,61
59,7,60
59,8,51
59,9,50
59,10,49
59,11,48
59,12,55
59,13,54
59,14,53
59,15,52
59,16,43
59,17,42
59,18,41
59,19,40
59,20,47
59,21,46
59,22,45
59,23,44
59,24,35
59,25,34
59,26,33
59,27,32
59,28,39
59,29,38
59,30,37
59,31,36
59,32,27
59,33,26
59,34,25
59,35,24
59,36,31
59,37,30
59,38,29
59,39,28
59,40,19
59,41,18
59,42,17
59,43,16
59,44,23
59,45,22
59,46,21
59,47,20
59,48,11
59,49,10
59,50,9
59,51,8
59,52,15
59,53,14
59,54,13
59,55,12
59,56,3
59,57,2
59,58,1
59,59,0
59,60,7
59,61,6
59,62,5
59,63,4
59,88,99
59,89,98
59,90,97
59,91,96
59,95,100
59,96,91
59,97,90
59,98,89
59,99,88
59,100,95
60,0,60
60,1,61
60,2,62
60,3,63
60,4,56
60,5,57
60,6,58
60,7,59
60,8,52
60,9,53
60,10,54
60,11,55
60,12,48
60,13,49
60,14,50
60,15,51
60,16,44
60,17,45
60,18,46
60,19,47
60,20,40
60,21,41
60,22,42
60,23,43
60,24,36
60,25,37
60,26,38
60,27,39
60,28,32
60,29,33
60,30,34
60,31,35
60,32,28
60,33,29
60,34,30
60,35,31
60,36,24
60,37,25
60,38,26
60,39,27
60,40,20
60,41,21
60,42,22
60,43,23
60,44,16
60,45,17
60,46,18
60,47,19
60,48,12
60,49,13
60,50,14
60,51,15
60,52,8
60,53,9
60,54,10
60,55,11
60,56,4
60,57,5
60,58,6
60,59,7
60,60,0
60,61,1
60,62,2
60,63,3
60,88,100
60,92,96
60,93,97
60,94,98
60,95,99
60,96,92
60,97,93
60,98,94
60,99,95
60,100,88
61,0,61
61,1,60
61,2,63
61,3,62
61,4,57
61,5,56
61,6,59
61,7,58
61,8,53
61,9,52
61,10,55
61,11,54
61,12,49
61,13,48
61,14,51
61,15,50
61,16,45
61,17,44
61,18,47
61,19,46
61,20,41
61,21,40
61,22,43
61,23,42
61,24,37
61,25,36
61,26,39
61,27,38
61,28,33
61,29,32
61,30,35
61,31,34
61,32,29
61,33,28
61,34,31
61,35,30
61,36,25
61,37,24
61,38,27
61,39,26
61,40,21
61,41,20
61,42,23
61,43,22
61,44,17
61,45,16
61,46,19
61,47,18
61,48,13
61,49,12
61,50,15
61,51,14
61,52,9
61,53,8
61,54,11
61,55,10
61,56,5
61,57,4
61,58,7
61,59,6
61,60,1
61,61,0
61,62,3
61,63,2
61,89,100
61,92,97
61,93,96
61,94,99
61,95,98
61,96,93
61,97,92
61,98,95
61,99,94
61,100,89
62,0,62
62,1,63
62,2,60
62,3,61
62,4,58
62,5,59
62,6,56
62,7,57
62,8,54
62,9,55
62,10,52
62,11,53
62,12,50
62,13,51
62,14,48
62,15,49
62,16,46
62,17,47
62,18,44
62,19,45
62,20,42
62,21,43
62,22,40
62,23,41
62,24,38
62,25,39
62,26,36
62,27,37
62,28,34
62,29,35
62,30,32
62,31,33
62,32,30
62,33,31
62,34,28
62,35,29
62,36,26
62,37,27
62,38,24
62,39,25
62,40,22
62,41,23
62,42,20
62,43,21
62,44,18
62,45,19
62,46,16
62,47,17
62,48,14
62,49,15
62,50,12
62,51,13
62,52,10
62,53,11
62,54,8
62,55,9
62,56,6
62,57,7
62,58,4
62,59,5
62,60,2
62,61,3
62,62,0
62,63,1
62,90,100
62,92,98
62,93,99
62,94,96
62,95,97
62,96,94
62,97,95
62,98,92
62,99,93
62,100,90
63,0,63
63,1,62
63,2,61
63,3,60
63,4,59
63,5,58
63,6,57
63,7,56
63,8,55
63,9,54
63,10,53
63,11,52
63,12,51
63,13,50
63,14,49
63,15,48
63,16,47
63,17,46
63,18,45
63,19,44
63,20,43
63,21,42
63,22,41
63,23,40
63,24,39
63,25,38
63,26,37
63,27,36
63,28,35
63,29,34
63,30,33
63,31,32
63,32,31
63,33,30
63,34,29
63,35,28
63,36,27
63,37,26
63,38,25
63,39,24
63,40,23
63,41,22
63,42,21
63,43,20
63,44,19
63,45,18
63,46,17
63,47,16
63,48,15
63,49,14
63,50,13
63,51,12
63,52,11
63,53,10
63,54,9
63,55,8
63,56,7
63,57,6
63,58,5
63,59,4
63,60,3
63,61,2
63,62,1
63,63,0
63,91,100
63,92,99
63,93,98
63,94,97
63,95,96
63,96,95
63,97,94
63,98,93
63,99,92
63,100,91
64,0,64
64,1,65
64,2,66
64,3,67
64,4,68
64,5,69
64,6,70
64,7,71
64,8,72
64,9,73
64,10,74
64,11,75
64,12,76
64,13,77
64,14,78
64,15,79
64,16,80
64,17,81
64,18,82
64,19,83
64,20,84
64,21,85
64,22,86
64,23,87
64,24,88
64,25,89
64,26,90
64,27,91
64,28,92
64,29,93
64,30,94
64,31,95
64,32,96
64,33,97
64,34,98
64,35,99
64,36,100
64,64,0
64,65,1
64,66,2
64,67,3
64,68,4
64,69,5
64,70,6
64,71,7
64,72,8
64,73,9
64,74,10
64,75,11
64,76,12
64,77,13
64,78,14
64,79,15
64,80,16
64,81,17
64,82,18
64,83,19
64,84,20
64,85,21
64,86,22
64,87,23
64,88,24
64,89,25
64,90,26
64,91,27
64,92,28
64,93,29
64,94,30
64,95,31
64,96,32
64,97,33
64,98,34
64,99,35
64,100,36
65,0,65
65,1,64
65,2,67
65,3,66
65,4,69
65,5,68
65,6,71
65,7,70
65,8,73
65,9,72
65,10,75
65,11,74
65,12,77
65,13,76
65,14,79
65,15,78
65,16,81
65,17,80
65,18,83
65,19,82
65,20,85
65,21,84
65,22,87
65,23,86
65,24,89
65,25,88
65,26,91
65,27,90
65,28,93
65,29,92
65,30,95
65,31,94
65,32,97
65,33,96
65,34,99
65,35,98
65,37,100
65,64,1
65,65,0
65,66,3
65,67,2
65,68,5
65,69,4
65,70,7
65,71,6
65,72,9
65,73,8
65,74,11
65,75,10
65,76,13
65,77,12
65,78,15
65,79,14
65,80,17
65,81,16
65,82,19
65,83,18
65,84,21
65,85,20
65,86,23
65,87,22
65,88,25
65,89,24
65,90,27
65,91,26
65,92,29
65,93,28
65,94,31
65,95,30
65,96,33
65,97,32
65,98,35
65,99,34
65,100,37
66,0,66
66,1,67
66,2,64
66,3,65
66,4,70
66,5,71
66,6,68
66,7,69
66,8,74
66,9,75
66,10,72
66,11,73
66,12,78
66,13,79
66,14,76
66,15,77
66,16,82
66,17,83
66,18,80
66,19,81
66,20,86
66,21,87
66,22,84
66,23,85
66,24,90
66,25,91
66,26,88
66,27,89
66,28,94
66,29,95
66,30,92
66,31,93
66,32,98
66,33,99
66,34,96
66,35,97
66,38,100
66,64,2
66,65,3
66,66,0
66,67,1
66,68,6
66,69,7
66,70,4
66,71,5
66,72,10
66,73,11
66,74,8
66,75,9
66,76,14
66,77,15
66,78,12
66,79,13
66,80,18
66,81,19
66,82,16
66,83,17
66,84,22
66,85,23
66,86,20
66,87,21
66,88,26
66,89,27
66,90,24
66,91,25
66,92,30
66,93,31
66,94,28
66,95,29
66,96,34
66,97,35
66,98,32
66,99,33
66,100,38
67,0,67
67,1,66
67,2,65
67,3,64
67,4,71
67,5,70
67,6,69
67,7,68
67,8,75
67,9,74
67,10,73
67,11,72
67,12,79
67,13,78
67,14,77
67,15,76
67,16,83
67,17,82
67,18,81
67,19,80
67,20,87
67,21,86
67,22,85
67,23,84
67,24,91
67,25,90
67,26,89
67,27,88
67,28,95
67,29,94
67,30,93
67,31,92
67,32,99
67,33,98
67,34,97
67,35,96
67,39,100
67,64,3
67,65,2
67,66,1
67,67,0
67,68,7
67,69,6
67,70,5
67,71,4
67,72,11
67,73,10
67,74,9
67,75,8
67,76,15
67,77,14
67,78,13
67,79,12
67,80,19
67,81,18
67,82,17
67,83,16
67,84,23
67,85,22
67,86,21
67,87,20
67,88,27
67,89,26
67,90,25
67,91,24
67,92,31
67,93,30
67,94,29
67,95,28
67,96,35
67,97,34
67,98,33
67,99,32
67,100,39
68,0,68
68,1,69
68,2,70
68,3,71
68,4,64
68,5,65
68,6,66
68,7,67
68,8,76
68,9,77
68,10,78
68,11,79
68,12,72
68,13,73
68,14,74
68,15,75
68,16,84
68,17,85
68,18,86
68,19,87
68,20,80
68,21,81
68,22,82
68,23,83
68,24,92
68,25,93
68,26,94
68,27,95
68,28,88
68,29,89
68,30,90
68,31,91
68,32,100
68,36,96
68,37,97
68,38,98
68,39,99
68,64,4
68,65,5
68,66,6
68,67,7
68,68,0
68,69,1
68,70,2
68,71,3
68,72,12
68,73,13
68,74,14
68,75,15
68,76,8
68,77,9
68,78,10
68,79,11
68,80,20
68,81,21
68,82,22
68,83,23
68,84,16
68,85,17
68,86,18
68,87,19
68,88,28
68,89,29
68,90,30
68,91,31
68,92,24
68,93,25
68,94,26
68,95,27
68,96,36
68,97,37
68,98,38
68,99,39
68,100,32
69,0,69
69,1,68
69,2,71
69,3,70
69,4,65
69,5,64
69,6,67
69,7,66
69,8,77
69,9,76
69,10,79
69,11,78
69,12,73
69,13,72
69,14,75
69,15,74
69,16,85
69,17,84
69,18,87
69,19,86
69,20,81
69,21,80
69,22,83
69,23,82
69,24,93
69,25,92
69,26,95
69,27,94
69,28,89
69,29,88
69,30,91
69,31,90
69,33,100
69,36,97
69,37,96
69,38,99
69,39,98
69,64,5
69,65,4
69,66,7
69,67,6
69,68,1
69,69,0
69,70,3
69,71,2
69,72,13
69,73,12
69,74,15
69,75,14
69,76,9
69,77,8
69,78,11
69,79,10
69,80,21
69,81,20
69,82,23
69,83,22
69,84,17
69,85,16
69,86,19
69,87,18
69,88,29
69,89,28
69,90,31
69,91,30
69,92,25
69,93,24
69,94,27
69,95,26
69,96,37
69,97,36
69,98,39
69,99,38
69,100,33
70,0,70
70,1,71
70,2,68
70,3,69
70,4,66
70,5,67
70,6,64
70,7,65
70,8,78
70,9,79
70,10,76
70,11,77
70,12,74
70,13,75
70,14,72
70,15,73
70,16,86
70,17,87
70,18,84
70,19,85
70,20,82
70,21,83
70,22,80
70,23,81
70,24,94
70,25,95
70,26,92
70,27,93
70,28,90
70,29,91
70,30,88
70,31,89
70,34,100
70,36,98
70,37,99
70,38,96
70,39,97
70,64,6
70,65,7
70,66,4
70,67,5
70,68,2
70,69,3
70,70,0
70,71,1
70,72,14
70,73,15
70,74,12
70,75,13
70,76,10
70,77,11
70,78,8
70,79,9
70,80,22
70,81,23
70,82,20
70,83,21
70,84,18
70,85,19
70,86,16
70,87,17
70,88,30
70,89,31
70,90,28
70,91,29
70,92,26
70,93,27
70,94,24
70,95,25
70,96,38
70,97,39
70,98,36
70,99,37
70,100,34
71,0,71
71,1,70
71,2,69
71,3,68
71,4,67
71,5,66
71,6,65
71,7,64
71,8,79
71,9,78
71,10,77
71,11,76
71,12,75
71,13,74
71,14,73
71,15,72
71,16,87
71,17,86
71,18,85
71,19,84
71,20,83
71,21,82
71,22,81
71,23,80
71,24,95
71,25,94
71,26,93
71,27,92
71,28,91
71,29,90
71,30,89
71,31,88
71,35,100
71,36,99
71,37,98
71,38,97
71,39,96
71,64,7
71,65,6
71,66,5
71,67,4
71,68,3
71,69,2
71,70,1
71,71,0
71,72,15
71,73,14
71,74,13
71,75,12
71,76,11
71,77,10
71,78,9
71,79,8
71,80,23
71,81,22
71,82,21
71,83,20
71,84,19
71,85,18
71,86,17
71,87,16
71,88,31
71,89,30
71,90,29
71,91,28
71,92,27
71,93,26
71,94,25
71,95,24
71,96,39
71,97,38
71,98,37
71,99,36
71,100,35
72,0,72
72,1,73
72,2,74
72,3,75
72,4,76
72,5,77
72,6,78
72,7,79
72,8,64
72,9,65
72,10,66
72,11,67
72,12,68
72,13,69
72,14,70
72,15,71
72,16,88
72,17,89
72,18,90
72,19,91
72,20,92
72,21,93
72,22,94
72,23,95
72,24,80
72,25,81
72,26,82
72,27,83
72,28,84
72,29,85
72,30,86
72,31,87
72,40,96
72,41,97
72,42,98
72,43,99
72,44,100
72,64,8
72,65,9
72,66,10
72,67,11
72,68,12
72,69,13
72,70,14
72,71,15
72,72,0
72,73,1
72,74,2
72,75,3
72,76,4
72,77,5
72,78,6
72,79,7
72,80,24
72,81,25
72,82,26
72,83,27
72,84,28
72,85,29
72,86,30
72,87,31
72,88,16
72,89,17
72,90,18
72,91,19
72,92,20
72,93,21
72,94,22
72,95,23
72,96,40
72,97,41
72,98,42
72,99,43
72,100,44
73,0,73
73,1,72
73,2,75
73,3,74
73,4,77
73,5,76
73,6,79
73,7,78
73,8,65
73,9,64
73,10,67
73,11,66
73,12,69
73,13,68
73,14,71
73,15,70
73,16,89
73,17,88
73,18,91
73,19,90
73,20,93
73,21,92
73,22,95
73,23,94
73,24,81
73,25,80
73,26,83
73,27,82
73,28,85
73,29,84
73,30,87
73,31,86
73,40,97
73,41,96
73,42,99
73,43,98
73,45,100
73,64,9
73,65,8
73,66,11
73,67,10
73,68,13
73,69,12
73,70,15
73,71,14
73,72,1
73,73,0
73,74,3
73,75,2
73,76,5
73,77,4
73,78,7
73,79,6
73,80,25
73,81,24
73,82,27
73,83,26
73,84,29
73,85,28
73,86,31
73,87,30
73,88,17
73,89,16
73,90,19
73,91,18
73,92,21
73,93,20
73,94,23
73,95,22
73,96,41
73,97,40
73,98,43
73,99,42
73,100,45
74,0,74
74,1,75
74,2,72
74,3,73
74,4,78
74,5,79
74,6,76
74,7,77
74,8,66
74,9,67
74,10,64
74,11,65
74,12,70
74,13,71
74,14,68
74,15,69
74,16,90
74,17,91
74,18,88
74,19,89
74,20,94
74,21,95
74,22,92
74,23,93
74,24,82
74,25,83
74,26,80
74,27,81
74,28,86
74,29,87
74,30,84
74,31,85
74,40,98
74,41,99
74,42,96
74,43,97
74,46,100
74,64,10
74,65,11
74,66,8
74,67,9
74,68,14
74,69,15
74,70,12
74,71,13
74,72,2
74,73,3
74,74,0
74,75,1
74,76,6
74,77,7
74,78,4
74,79,5
74,80,26
74,81,27
74,82,24
74,83,25
74,84,30
74,85,31
74,86,28
74,87,29
74,88,18
74,89,19
74,90,16
74,91,17
74,92,22
74,93,23
74,94,20
74,95,21
74,96,42
74,97,43
74,98,40
74,99,41
74,100,46
75,0,75
75,1,74
75,2,73
75,3,72
75,4,79
75,5,78
75,6,77
75,7,76
75,8,67
75,9,66
75,10,65
75,11,64
75,12,71
75,13,70
75,14,69
75,15,68
75,16,91
75,17,90
75,18,89
75,19,88
75,20,95
75,21,94
75,22,93
75,23,92
75,24,83
75,25,82
75,26,81
75,27,80
75,28,87
75,29,86
75,30,85
75,31,84
75,40,99
75,41,98
75,42,97
75,43,96
75,47,100
75,64,11
75,65,10
75,66,9
75,67,8
75,68,15
75,69,14
75,70,13
75,71,12
75,72,3
75,73,2
75,74,1
75,75,0
75,76,7
75,77,6
75,78,5
75,79,4
75,80,27
75,81,26
75,82,25
75,83,24
75,84,31
75,85,30
75,86,29
75,87,28
75,88,19
75,89,18
75,90,17
75,91,16
75,92,23
75,93,22
75,94,21
75,95,20
75,96,43
75,97,42
75,98,41
75,99,40
75,100,47
76,0,76
76,1,77
76,2,78
76,3,79
76,4,72
76,5,73
76,6,74
76,7,75
76,8,68
76,9,69
76,10,70
76,11,71
76,12,64
76,13,65
76,14,66
76,15,67
76,16,92
76,17,93
76,18,94
76,19,95
76,20,88
76,21,89
76,22,90
76,23,91
76,24,84
76,25,85
76,26,86
76,27,87
76,28,80
76,29,81
76,30,82
76,31,83
76,40,100
76,44,96
76,45,97
76,46,98
76,47,99
76,64,12
76,65,13
76,66,14
76,67,15
76,68,8
76,69,9
76,70,10
76,71,11
76,72,4
76,73,5
76,74,6
76,75,7
76,76,0
76,77,1
76,78,2
76,79,3
76,80,28
76,81,29
76,82,30
76,83,31
76,84,24
76,85,25
76,86,26
76,87,27
76,88,20
76,89,21
76,90,22
76,91,23
76,92,16
76,93,17
76,94,18
76,95,19
76,96,44
76,97,45
76,98,46
76,99,47
76,100,40
77,0,77
77,1,76
77,2,79
77,3,78
77,4,73
77,5,72
77,6,75
77,7,74
77,8,69
77,9,68
77,10,71
77,11,70
77,12,65
77,13,64
77,14,67
77,15,66
77,16,93
77,17,92
77,18,95
77,19,94
77,20,89
77,21,88
77,22,91
77,23,90
77,24,85
77,25,84
77,26,87
77,27,86
77,28,81
77,29,80
77,30,83
77,31,82
77,41,100
77,44,97
77,45,96
77,46,99
77,47,98
77,64,13
77,65,12
77,66,15
77,67,14
77,68,9
77,69,8
77,70,11
77,71,10
77,72,5
77,73,4
77,74,7
77,75,6
77,76,1
77,77,0
77,78,3
77,79,2
77,80,29
77,81,28
77,82,31
77,83,30
77,84,25
77,85,24
77,86,27
77,87,26
77,88,21
77,89,20
77,90,23
77,91,22
77,92,17
77,93,16
77,94,19
77,95,18
77,96,45
77,97,44
77,98,47
77,99,46
77,100,41
78,0,78
78,1,79
78,2,76
78,3,77
78,4,74
78,5,75
78,6,72
78,7,73
78,8,70
78,9,71
78,10,68
78,11,69
78,12,66
78,13,67
78,14,64
78,15,65
78,16,94
78,17,95
78,18,92
78,19,93
78,20,90
78,21,91
78,22,88
78,23,89
78,24,86
78,25,87
78,26,84
78,27,85
78,28,82
78,29,83
78,30,80
78,31,81
78,42,100
78,44,98
78,45,99
78,46,96
78,47,97
78,64,14
78,65,15
78,66,12
78,67,13
78,68,10
78,69,11
78,70,8
78,71,9
78,72,6
78,73,7
78,74,4
78,75,5
78,76,2
78,77,3
78,78,0
78,79,1
78,80,30
78,81,31
78,82,28
78,83,29
78,84,26
78,85,27
78,86,24
78,87,25
78,88,22
78,89,23
78,90,20
78,91,21
78,92,18
78,93,19
78,94,16
78,95,17
78,96,46
78,97,47
78,98,44
78,99,45
78,100,42
79,0,79
79,1,78
79,2,77
79,3,76
79,4,75
79,5,74
79,6,73
79,7,72
79,8,71
79,9,70
79,10,69
79,11,68
79,12,67
79,13,66
79,14,65
79,15,64
79,16,95
79,17,94
79,18,93
79,19,92
79,20,91
79,21,90
79,22,89
79,23,88
79,24,87
79,25,86
79,26,85
79,27,84
79,28,83
79,29,82
79,30,81
79,31,80
79,43,100
79,44,99
79,45,98
79,46,97
79,47,96
79,64,15
79,65,14
79,66,13
79,67,12
79,68,11
79,69,10
79,70,9
79,71,8
79,72,7
79,73,6
79,74,5
79,75,4
79,76,3
79,77,2
79,78,1
79,79,0
79,80,31
79,81,30
79,82,29
79,83,28
79,84,27
79,85,26
79,86,25
79,87,24
79,88,23
79,89,22
79,90,21
79,91,20
79,92,19
79,93,18
79,94,17
79,95,16
79,96,47
79,97,46
79,98,45
79,99,44
79,100,43
80,0,80
80,1,81
80,2,82
80,3,83
80,4,84
80,5,85
80,6,86
80,7,87
80,8,88
80,9,89
80,10,90
80,11,91
80,12,92
80,13,93
80,14,94
80,15,95
80,16,64
80,17,65
80,18,66
80,19,67
80,20,68
80,21,69
80,22,70
80,23,71
80,24,72
80,25,73
80,26,74
80,27,75
80,28,76
80,29,77
80,30,78
80,31,79
80,48,96
80,49,97
80,50,98
80,51,99
80,52,100
80,64,16
80,65,17
80,66,18
80,67,19
80,68,20
80,69,21
80,70,22
80,71,23
80,72,24
80,73,25
80,74,26
80,75,27
80,76,28
80,77,29
80,78,30
80,79,31
80,80,0
80,81,1
80,82,2
80,83,3
80,84,4
80,85,5
80,86,6
80,87,7
80,88,8
80,89,9
80,90,10
80,91,11
80,92,12
80,93,13
80,94,14
80,95,15
80,96,48
80,97,49
80,98,50
80,99,51
80,100,52
81,0,81
81,1,80
81,2,83
81,3,82
81,4,85
81,5,84
81,6,87
81,7,86
81,8,89
81,9,88
81,10,91
81,11,90
81,12,93
81,13,92
81,14,95
81,15,94
81,16,65
81,17,64
81,18,67
81,19,66
81,20,69
81,21,68
81,22,71
81,23,70
81,24,73
81,25,72
81,26,75
81,27,74
81,28,77
81,29,76
81,30,79
81,31,78
81,48,97
81,49,96
81,50,99
81,51,98
81,53,100
81,64,17
81,65,16
81,66,19
81,67,18
81,68,21
81,69,20
81,70,23
81,71,22
81,72,25
81,73,24
81,74,27
81,75,26
81,76,29
81,77,28
81,78,31
81,79,30
81,80,1
81,81,0
81,82,3
81,83,2
81,84,5
81,85,4
81,86,7
81,87,6
81,88,9
81,89,8
81,90,11
81,91,10
81,92,13
81,93,12
81,94,15
81,95,14
81,96,49
81,97,48
81,98,51
81,99,50
81,100,53
82,0,82
82,1,83
82,2,80
82,3,81
82,4,86
82,5,87
82,6,84
82,7,85
82,8,90
82,9,91
82,10,88
82,11,89
82,12,94
82,13,95
82,14,92
82,15,93
82,16,66
82,17,67
82,18,64
82,19,65
82,20,70
82,21,71
82,22,68
82,23,69
82,24,74
82,25,75
82,26,72
82,27,73
82,28,78
82,29,79
82,30,76
82,31,77
82,48,98
82,49,99
82,50,96
82,51,97
82,54,100
82,64,18
82,65,19
82,66,16
82,67,17
82,68,22
82,69,23
82,70,20
82,71,21
82,72,26
82,73,27
82,74,24
82,75,25
82,76,30
82,77,31
82,78,28
82,79,29
82,80,2
82,81,3
82,82,0
82,83,1
82,84,6
82,85,7
82,86,4
82,87,5
82,88,10
82,89,11
82,90,8
82,91,9
82,92,14
82,93,15
82,94,12
82,95,13
82,96,50
82,97,51
82,98,48
82,99,49
82,100,54
83,0,83
83,1,82
83,2,81
83,3,80
83,4,87
83,5,86
83,6,85
83,7,84
83,8,91
83,9,90
83,10,89
83,11,88
83,12,95
83,13,94
83,14,93
83,15,92
83,16,67
83,17,66
83,18,65
83,19,64
83,20,71
83,21,70
83,22,69
83,23,68
83,24,75
83,25,74
83,26,73
83,27,72
83,28,79
83,29,78
83,30,77
83,31,76
83,48,99
83,49,98
83,50,97
83,51,96
83,55,100
83,64,19
83,65,18
83,66,17
83,67,16
83,68,23
83,69,22
83,70,21
83,71,20
83,72,27
83,73,26
83,74,25
83,75,24
83,76,31
83,77,30
83,78,29
83,79,28
83,80,3
83,81,2
83,82,1
83,83,0
83,84,7
83,85,6
83,86,5
83,87,4
83,88,11
83,89,10
83,90,9
83,91,8
83,92,15
83,93,14
83,94,13
83,95,12
83,96,51
83,97,50
83,98,49
83,99,48
83,100,55
84,0,84
84,1,85
84,2,86
84,3,87
84,4,80
84,5,81
84,6,82
84,7,83
84,8,92
84,9,93
84,10,94
84,11,95
84,12,88
84,13,89
84,14,90
84,15,91
84,16,68
84,17,69
84,18,70
84,19,71
84,20,64
84,21,65
84,22,66
84,23,67
84,24,76
84,25,77
84,26,78
84,27,79
84,28,72
84,29,73
84,30,74
84,31,75
84,48,100
84,52,96
84,53,97
84,54,98
84,55,99
84,64,20
84,65,21
84,66,22
84,67,23
84,68,16
84,69,17
84,70,18
84,71,19
84,72,28
84,73,29
84,74,30
84,75,31
84,76,24
84,77,25
84,78,26
84,79,27
84,80,4
84,81,5
84,82,6
84,83,7
84,84,0
84,85,1
84,86,2
84,87,3
84,88,12
84,89,13
84,90,14
84,91,15
84,92,8
84,93,9
84,94,10
84,95,11
84,96,52
84,97,53
84,98,54
84,99,55
84,100,48
85,0,85
85,1,84
85,2,87
85,3,86
85,4,81
85,5,80
85,6,83
85,7,82
85,8,93
85,9,92
85,10,95
85,11,94
85,12,89
85,13,88
85,14,91
85,15,90
85,16,69
85,17,68
85,18,71
85,19,70
85,20,65
85,21,64
85,22,67
85,23,66
85,24,77
85,25,76
85,26,79
85,27,78
85,28,73
85,29,72
85,30,75
85,31,74
85,49,100
85,52,97
85,53,96
85,54,99
85,55,98
85,64,21
85,65,20
85,66,23
85,67,22
85,68,17
85,69,16
85,70,19
85,71,18
85,72,29
85,73,28
85,74,31
85,75,30
85,76,25
85,77,24
85,78,27
85,79,26
85,80,5
85,81,4
85,82,7
85,83,6
85,84,1
85,85,0
85,86,3
85,87,2
85,88,13
85,89,12
85,90,15
85,91,14
85,92,9
85,93,8
85,94,11
85,95,10
85,96,53
85,97,52
85,98,55
85,99,54
85,100,49
86,0,86
86,1,87
86,2,84
86,3,85
86,4,82
86,5,83
86,6,80
86,7,81
86,8,94
86,9,95
86,10,92
86,11,93
86,12,90
86,13,91
86,14,88
86,15,89
86,16,70
86,17,71
86,18,68
86,19,69
86,20,66
86,21,67
86,22,64
86,23,65
86,24,78
86,25,79
86,26,76
86,27,77
86,28,74
86,29,75
86,30,72
86,31,73
86,50,100
86,52,98
86,53,99
86,54,96
86,55,97
86,64,22
86,65,23
86,66,20
86,67,21
86,68,18
86,69,19
86,70,16
86,71,17
86,72,30
86,73,31
86,74,28
86,75,29
86,76,26
86,77,27
86,78,24
86,79,25
86,80,6
86,81,7
86,82,4
86,83,5
86,84,2
86,85,3
86,86,0
86,87,1
86,88,14
86,89,15
86,90,12
86,91,13
86,92,10
86,93,11
86,94,8
86,95,9
86,96,54
86,97,55
86,98,52
86,99,53
86,100,50
87,0,87
87,1,86
87,2,85
87,3,84
87,4,83
87,5,82
87,6,81
87,7,80
87,8,95
87,9,94
87,10,93
87,11,92
87,12,91
87,13,90
87,14,89
87,15,88
87,16,71
87,17,70
87,18,69
87,19,68
87,20,67
87,21,66
87,22,65
87,23,64
87,24,79
87,25,78
87,26,77
87,27,76
87,28,75
87,29,74
87,30,73
87,31,72
87,51,100
87,52,99
87,53,98
87,54,97
87,55,96
87,64,23
87,65,22
87,66,21
87,67,20
87,68,19
87,69,18
87,70,17
87,71,16
87,72,31
87,73,30
87,74,29
87,75,28
87,76,27
87,77,26
87,78,25
87,79,24
87,80,7
87,81,6
87,82,5
87,83,4
87,84,3
87,85,2
87,86,1
87,87,0
87,88,15
87,89,14
87,90,13
87,91,12
87,92,11
87,93,10
87,94,9
87,95,8
87,96,55
87,97,54
87,98,53
87,99,52
87,100,51
88,0,88
88,1,89
88,2,90
88,3,91
88,4,92
88,5,93
88,6,94
88,7,95
88,8,80
88,9,81
88,10,82
88,11,83
88,12,84
88,13,85
88,14,86
88,15,87
88,16,72
88,17,73
88,18,74
88,19,75
88,20,76
88,21,77
88,22,78
88,23,79
88,24,64
88,25,65
88,26,66
88,27,67
88,28,68
88,29,69
88,30,70
88,31,71
88,56,96
88,57,97
88,58,98
88,59,99
88,60,100
88,64,24
88,65,25
88,66,26
88,67,27
88,68,28
88,69,29
88,70,30
88,71,31
88,72,16
88,73,17
88,74,18
88,75,19
88,76,20
88,77,21
88,78,22
88,79,23
88,80,8
88,81,9
88,82,10
88,83,11
88,84,12
88,85,13
88,86,14
88,87,15
88,88,0
88,89,1
88,90,2
88,91,3
88,92,4
88,93,5
88,94,6
88,95,7
88,96,56
88,97,57
88,98,58
88,99,59
88,100,60
89,0,89
89,1,88
89,2,91
89,3,90
89,4,93
89,5,92
89,6,95
89,7,94
89,8,81
89,9,80
89,10,83
89,11,82
89,12,85
89,13,84
89,14,87
89,15,86
89,16,73
89,17,72
89,18,75
89,19,74
89,20,77
89,21,76
89,22,79
89,23,78
89,24,65
89,25,64
89,26,67
89,27,66
89,28,69
89,29,68
89,30,71
89,31,70
89,56,97
89,57,96
89,58,99
89,59,98
89,61,100
89,64,25
89,65,24
89,66,27
89,67,26
89,68,29
89,69,28
89,70,31
89,71,30
89,72,17
89,73,16
89,74,19
89,75,18
89,76,21
89,77,20
89,78,23
89,79,22
89,80,9
89,81,8
89,82,11
89,83,10
89,84,13
89,85,12
89,86,15
89,87,14
89,88,1
89,89,0
89,90,3
89,91,2
89,92,5
89,93,4
89,94,7
89,95,6
89,96,57
89,97,56
89,98,59
89,99,58
89,100,61
90,0,90
90,1,91
90,2,88
90,3,89
90,4,94
90,5,95
90,6,92
90,7,93
90,8,82
90,9,83
90,10,80
90,11,81
90,12,86
90,13,87
90,14,84
90,15,85
90,16,74
90,17,75
90,18,72
90,19,73
90,20,78
90,21,79
90,22,76
90,23,77
90,24,66
90,25,67
90,26,64
90,27,65
90,28,70
90,29,71
90,30,68
90,31,69
90,56,98
90,57,99
90,58,96
90,59,97
90,62,100
90,64,26
90,65,27
90,66,24
90,67,25
90,68,30
90,69,31
90,70,28
90,71,29
90,72,18
90,73,19
90,74,16
90,75,17
90,76,22
90,77,23
90,78,20
90,79,21
90,80,10
90,81,11
90,82,8
90,83,9
90,84,14
90,85,15
90,86,12
90,87,13
90,88,2
90,89,3
90,90,0
90,91,1
90,92,6
90,93,7
90,94,4
90,95,5
90,96,58
90,97,59
90,98,56
90,99,57
90,100,62
91,0,91
91,1,90
91,2,89
91,3,88
91,4,95
91,5,94
91,6,93
91,7,92
91,8,83
91,9,82
91,10,81
91,11,80
91,12,87
91,13,86
91,14,85
91,15,84
91,16,75
91,17,74
91,18,73
91,19,72
91,20,79
91,21,78
91,22,77
91,23,76
91,24,67
91,25,66
91,26,65
91,27,64
91,28,71
91,29,70
91,30,69
91,31,68
91,56,99
91,57,98
91,58,97
91,59,96
91,63,100
91,64,27
91,65,26
91,66,25
91,67,24
91,68,31
91,69,30
91,70,29
91,71,28
91,72,19
91,73,18
91,74,17
91,75,16
91,76,23
91,77,22
91,78,21
91,79,20
91,80,11
91,81,10
91,82,9
91,83,8
91,84,15
91,85,14
91,86,13
91,87,12
91,88,3
91,89,2
91,90,1
91,91,0
91,92,7
91,93,6
91,94,5
91,95,4
91,96,59
91,97,58
91,98,57
91,99,56
91,100,63
92,0,92
92,1,93
92,2,94
92,3,95
92,4,88
92,5,89
92,6,90
92,7,91
92,8,84
92,9,85
92,10,86
92,11,87
92,12,80
92,13,81
92,14,82
92,15,83
92,16,76
92,17,77
92,18,78
92,19,79
92,20,72
92,21,73
92,22,74
92,23,75
92,24,68
92,25,69
92,26,70
92,27,71
92,28,64
92,29,65
92,30,66
92,31,67
92,56,100
92,60,96
92,61,97
92,62,98
92,63,99
92,64,28
92,65,29
92,66,30
92,67,31
92,68,24
92,69,25
92,70,26
92,71,27
92,72,20
92,73,21
92,74,22
92,75,23
92,76,16
92,77,17
92,78,18
92,79,19
92,80,12
92,81,13
92,82,14
92,83,15
92,84,8
92,85,9
92,86,10
92,87,11
92,88,4
92,89,5
92,90,6
92,91,7
92,92,0
92,93,1
92,94,2
92,95,3
92,96,60
92,97,61
92,98,62
92,99,63
92,100,56
93,0,93
93,1,92
93,2,95
93,3,94
93,4,89
93,5,88
93,6,91
93,7,90
93,8,85
93,9,84
93,10,87
93,11,86
93,12,81
93,13,80
93,14,83
93,15,82
93,16,77
93,17,76
93,18,79
93,19,78
93,20,73
93,21,72
93,22,75
93,23,74
93,24,69
93,25,68
93,26,71
93,27,70
93,28,65
93,29,64
93,30,67
93,31,66
93,57,100
93,60,97
93,61,96
93,62,99
93,63,98
93,64,29
93,65,28
93,66,31
93,67,30
93,68,25
93,69,24
93,70,27
93,71,26
93,72,21
93,73,20
93,74,23
93,75,22
93,76,17
93,77,16
93,78,19
93,79,18
93,80,13
93,81,12
93,82,15
93,83,14
93,84,9
93,85,8
93,86,11
93,87,10
93,88,5
93,89,4
93,90,7
93,91,6
93,92,1
93,93,0
93,94,3
93,95,2
93,96,61
93,97,60
93,98,63
93,99,62
93,100,57
94,0,94
94,1,95
94,2,92
94,3,93
94,4,90
94,5,91
94,6,88
94,7,89
94,8,86
94,9,87
94,10,84
94,11,85
94,12,82
94,13,83
94,14,80
94,15,81
94,16,78
94,17,79
94,18,76
94,19,77
94,20,74
94,21,75
94,22,72
94,23,73
94,24,70
94,25,71
94,26,68
94,27,69
94,28,66
94,29,67
94,30,64
94,31,65
94,58,100
94,60,98
94,61,99
94,62,96
94,63,97
94,64,30
94,65,31
94,66,28
94,67,29
94,68,26
94,69,27
94,70,24
94,71,25
94,72,22
94,73,23
94,74,20
94,75,21
94,76,18
94,77,19
94,78,16
94,79,17
94,80,14
94,81,15
94,82,12
94,83,13
94,84,10
94,85,11
94,86,8
94,87,9
94,88,6
94,89,7
94,90,4
94,91,5
94,92,2
94,93,3
94,94,0
94,95,1
94,96,62
94,97,63
94,98,60
94,99,61
94,100,58
95,0,95
95,1,94
95,2,93
95,3,92
95,4,91
95,5,90
95,6,89
95,7,88
95,8,87
95,9,86
95,10,85
95,11,84
95,12,83
95,13,82
95,14,81
95,15,80
95,16,79
95,17,78
95,18,77
95,19,76
95,20,75
95,21,74
95,22,73
95,23,72
95,24,71
95,25,70
95,26,69
95,27,68
95,28,67
95,29,66
95,30,65
95,31,64
95,59,100
95,60,99
95,61,98
95,62,97
95,63,96
95,64,31
95,65,30
95,66,29
95,67,28
95,68,27
95,69,26
95,70,25
95,71,24
95,72,23
95,73,22
95,74,21
95,75,20
95,76,19
95,77,18
95,78,17
95,79,16
95,80,15
95,81,14
95,82,13
95,83,12
95,84,11
95,85,10
95,86,9
95,87,8
95,88,7
95,89,6
95,90,5
95,91,4
95,92,3
95,93,2
95,94,1
95,95,0
95,96,63
95,97,62
95,98,61
95,99,60
95,100,59
96,0,96
96,1,97
96,2,98
96,3,99
96,4,100
96,32,64
96,33,65
96,34,66
96,35,67
96,36,68
96,37,69
96,38,70
96,39,71
96,40,72
96,41,73
96,42,74
96,43,75
96,44,76
96,45,77
96,46,78
96,47,79
96,48,80
96,49,81
96,50,82
96,51,83
96,52,84
96,53,85
96,54,86
96,55,87
96,56,88
96,57,89
96,58,90
96,59,91
96,60,92
96,61,93
96,62,94
96,63,95
96,64,32
96,65,33
96,66,34
96,67,35
96,68,36
96,69,37
96,70,38
96,71,39
96,72,40
96,73,41
96,74,42
96,75,43
96,76,44
96,77,45
96,78,46
96,79,47
96,80,48
96,81,49
96,82,50
96,83,51
96,84,52
96,85,53
96,86,54
96,87,55
96,88,56
96,89,57
96,90,58
96,91,59
96,92,60
96,93,61
96,94,62
96,95,63
96,96,0
96,97,1
96,98,2
96,99,3
96,100,4
97,0,97
97,1,96
97,2,99
97,3,98
97,5,100
97,32,65
97,33,64
97,34,67
97,35,66
97,36,69
97,37,68
97,38,71
97,39,70
97,40,73
97,41,72
97,42,75
97,43,74
97,44,77
97,45,76
97,46,79
97,47,78
97,48,81
97,49,80
97,50,83
97,51,82
97,52,85
97,53,84
97,54,87
97,55,86
97,56,89
97,57,88
97,58,91
97,59,90
97,60,93
97,61,92
97,62,95
97,63,94
97,64,33
97,65,32
97,66,35
97,67,34
97,68,37
97,69,36
97,70,39
97,71,38
97,72,41
97,73,40
97,74,43
97,75,42
97,76,45
97,77,44
97,78,47
97,79,46
97,80,49
97,81,48
97,82,51
97,83,50
97,84,53
97,85,52
97,86,55
97,87,54
97,88,57
97,89,56
97,90,59
97,91,58
97,92,61
97,93,60
97,94,63
97,95,62
97,96,1
97,97,0
97,98,3
97,99,2
97,100,5
98,0,98
98,1,99
98,2,96
98,3,97
98,6,100
98,32,66
98,33,67
98,34,64
98,35,65
98,36,70
98,37,71
98,38,68
98,39,69
98,40,74
98,41,75
98,42,72
98,43,73
98,44,78
98,45,79
98,46,76
98,47,77
98,48,82
98,49,83
98,50,80
98,51,81
98,52,86
98,53,87
98,54,84
98,55,85
98,56,90
98,57,91
98,58,88
98,59,89
98,60,94
98,61,95
98,62,92
98,63,93
98,64,34
98,65,35
98,66,32
98,67,33
98,68,38
98,69,39
98,70,36
98,71,37
98,72,42
98,73,43
98,74,40
98,75,41
98,76,46
98,77,47
98,78,44
98,79,45
98,80,50
98,81,51
98,82,48
98,83,49
98,84,54
98,85,55
98,86,52
98,87,53
98,88,58
98,89,59
98,90,56
98,91,57
98,92,62
98,93,63
98,94,60
98,95,61
98,96,2
98,97,3
98,98,0
98,99,1
98,100,6
99,0,99
99,1,98
99,2,97
99,3,96
99,7,100
99,32,67
99,33,66
99,34,65
99,35,64
99,36,71
99,37,70
99,38,69
99,39,68
99,40,75
99,41,74
99,42,73
99,43,72
99,44,79
99,45,78
99,46,77
99,47,76
99,48,83
99,49,82
99,50,81
99,51,80
99,52,87
99,53,86
99,54,85
99,55,84
99,56,91
99,57,90
99,58,89
99,59,88
99,60,95
99,61,94
99,62,93
99,63,92
99,64,35
99,65,34
99,66,33
99,67,32
99,68,39
99,69,38
99,70,37
99,71,36
99,72,43
99,73,42
99,74,41
99,75,40
99,76,47
99,77,46
99,78,45
99,79,44
99,80,51
99,81,50
99,82,49
99,83,48
99,84,55
99,85,54
99,86,53
99,87,52
99,88,59
99,89,58
99,90,57
99,91,56
99,92,63
99,93,62
99,94,61
99,95,60
99,96,3
99,97,2
99,98,1
99,99,0
99,100,7
100,0,100
100,4,96
100,5,97
100,6,98
100,7,99
100,32,68
100,33,69
100,34,70
100,35,71
100,36,64
100,37,65
100,38,66
100,39,67
100,40,76
100,41,77
100,42,78
100,43,79
100,44,72
100,45,73
100,46,74
100,47,75
100,48,84
100,49,85
100,50,86
100,51,87
100,52,80
100,53,81
100,54,82
100,55,83
100,56,92
100,57,93
100,58,94
100,59,95
100,60,88
100,61,89
100,62,90
100,63,91
100,64,36
100,65,37
100,66,38
100,67,39
100,68,32
100,69,33
100,70,34
100,71,35
100,72,44
100,73,45
100,74,46
100,75,47
100,76,40
100,77,41
100,78,42
100,79,43
100,80,52
100,81,53
100,82,54
100,83,55
100,84,48
100,85,49
100,86,50
100,87,51
100,88,60
100,89,61
100,90,62
100,91,63
100,92,56
100,93,57
100,94,58
100,95,59
100,96,4
100,97,5
100,98,6
100,99,7
100,100,0
